n.country,n.id,n.srid, n.x, n.y,n.name
"CHN","chinaconstructionbankcorporationbeijingchinachn", 4326, 105, 35, "China Construction Bank Corporation"
"CYP","societegeneralebankcyprusltdsgcypruscyp", 4326, 33, 35, "Societe Generale Bank Cyprus Ltd"
"NZL","asbbanklimitedaucklandnewzealandnzl", 4326, 174, 41, "Asb Bank Limited"
"KHM","cimbbankplcphnompenhcambodiakhm", 4326, 105, 13, "CIMB Bank Plc"
"SGP","unitedoverseasbanklimitedsingaporesgp", 4326, 103.8, 1.3667, "United Overseas Bank Limited"
"CHN","bankofcommunicationsshanghaichinachn", 4326, 105, 35, "Bank of Communications"
"CHN","hebeitangshanbranchtangshanchinachn", 4326, 105, 35, "Hebei Tangshan Branch"
"KAZ","kazkommertsbankalmatykazakhstankaz", 4326, 68, 48, "Kazkommertsbank"
"EGY","banqueducairecairoegyptegy", 4326, 30, 27, "Banque Du Caire"
"ARE","nationalbankofrasalkaimahrasalkhaimahunitedarabemiratesare", 4326, 54, 24, "National Bank of Ras Al Kaimah"
"SGP","standardcharteredbanksingaporesgp", 4326, 103.8, 1.3667, "Standard Chartered Bank"
"BEL","ingbelgiumsabrusselsbelgiumbel", 4326, 4, 50.8333, "ING Belgium S A"
"CHE","vpbankschweizagzurichswitzerlandche", 4326, 8, 47, "VP Bank"
"CYM","maplesandcaldercaymanislandscym", 4326, 80.5, 19.5, "Maples And Calder"
"RUS","primoryebankvladivostokrussiarus", 4326, 100, 60, "Primorye Bank"
"POL","aliorbanksawarsawpolandpol", 4326, 20, 52, "Alior Bank S.A. "
"NLD","abnamrobanknvnetherlandsnld", 4326, 5.75, 52.5, "ABN Amro Bank NV"
"MYS","ocbcbankmalaysiaberhadkualalumpurmalaysiamys", 4326, 112.5, 2.5, "Ocbc Bank"
"RUS","vtbbankmoscowrussiarus", 4326, 100, 60, "VTB Bank"
"PAK","bankalhabibltdkarachipakistanpak", 4326, 70, 30, "Bank Al Habib Ltd"
"UKR","pjsccreditagricolebankkievukraineukr", 4326, 32, 49, "PJSC Credit Agricole Bank"
"CHN","chinamerchantbankcoltdshenzhenchinachn", 4326, 105, 35, "China Merchant Bank Co Ltd"
"TUR","turkiyegarantibankasiasistanbulturkeytur", 4326, 35, 39, "Turkiye Garanti Bankasi A S"
"ARE","standardcharteredbanktreasurydubaiunitedarabemiratesare", 4326, 54, 24, "Standard Chartered Bank Treasury"
"KOR","kookminbankkoreakor", 4326, 127.5, 37, "Kookmin Bank"
"IND","standardcharteredbankindiaind", 4326, 77, 20, "Standard Chartered Bank"
"HKG","jpmorganchasebanknahongkongbranchhongkonghkg", 4326, 114.1667, 22.25, "JPMorgan Chase Bank Na  Hong Kong Branch"
"RUS","sberbankrussiarus", 4326, 100, 60, "Sberbank"
"TUR","turkiyegarantibankasiasistanbulturkeytur", 4326, 35, 39, "Turkiye Garanti Bankasi A.S."
"TUR","anadolubankasistanbulturkeytur", 4326, 35, 39, "Anadolubank A.S."
"TUR","albarakaturkparticipationbankistanbulturkeytur", 4326, 35, 39, "Albaraka Turk Participation Bank"
"JPN","yokohamashinkinbankltdyokohamajapanjpn", 4326, 138, 36, "Yokohama Shinkin Bank"
"RUS","sberbankmoscowrussiarus", 4326, 100, 60, "Sberbank"
"CHE","creditsuissezurichswitzerlandche", 4326, 8, 47, "Credit Suisse"
"RUS","evrofinancemosnarbankmoscowrussiarus", 4326, 100, 60, "Evrofinance Mosnarbank"
"CYP","marfinpopularbankpubliccoltdnicosiacypruscyp", 4326, 33, 35, "Marfin Popular Bank Public Co Ltd"
"UKR","firstukrainianintlbankukraineukr", 4326, 32, 49, "First Ukrainian IntL Bank"
"CYP","bankofcypruspubliccompanyltdnicosiacypruscyp", 4326, 33, 35, "Bank of Cyprus Public Company Ltd."
"CHE","banquedecommerceetdeplacementssagenevaswitzerlandche", 4326, 8, 47, "Banque De Commerce Et De Placements S A"
"HKG","bankofchinahongkongltdhongkonghkg", 4326, 114.1667, 22.25, "Bank of China"
"CHN","bankofchinalimitedbeijingchinachn", 4326, 105, 35, "Bank of  China Limited"
"AUS","commonwealthbankofaustraliasydneyaustraliaaus", 4326, 133, 27, "Commonwealth Bank of Australia"
"TWN","thebankoftaiwantaipeitaiwantwn", 4326, 121, 23.5, "The Bank of Taiwan"
"IDN","bankchinatrustindonesiaptjakartaindonesiaidn", 4326, 120, 5, "Bank Chinatrust Indonesia PT"
"SGP","creditsuissesingaporesgp", 4326, 103.8, 1.3667, "Credit Suisse"
"MYS","rhbbankberhadmalaysiamys", 4326, 112.5, 2.5, "Rhb Bank Berhad"
"IDN","ptbankmegaindonesiaidn", 4326, 120, 5, "PT Bank Mega"
"CHN","standardcharteredbankchinaltdchinachn", 4326, 105, 35, "Standard Chartered Bank China Ltd"
"HKG","standardcharteredbankhkltdhongkonghkg", 4326, 114.1667, 22.25, "Standard Chartered Bank Hk Ltd"
"IDN","standardcharteredbankindonesiaidn", 4326, 120, 5, "Standard Chartered Bank"
"ARE","standardcharteredbanktreasurydubaiare", 4326, 54, 24, "Standard Chartered Bank Treasury"
"ARE","standardcharteredbankdifcdubaiare", 4326, 54, 24, "Standard Chartered Bank Difc"
"HKG","bankofcommunicationscoltdhongkonghkg", 4326, 114.1667, 22.25, "Bank of Communications Co Ltd"
"AUS","australianewzealandbkggrltaustraliaaus", 4326, 133, 27, "Australia New Zealand Bkg Gr Lt"
"BRA","bancosantandersabrazilbra", 4326, 55, 10, "Banco Santander Sa"
"RUS","akbarsbankrussiarus", 4326, 100, 60, "Ak Bars Bank"
"BRA","itauhobrazilbra", 4326, 55, 10, "Itau Ho"
"LBN","blcbanksallebanonlbn", 4326, 35.8333, 33.8333, "B L C Bank S A L"
"ZMB","standardcharteredbankzambialtdzambiazmb", 4326, 30, 15, "Standard Chartered Bank Zambia Ltd"
"PAK","alliedbanklimitedkarachipakistanpak", 4326, 70, 30, "Allied Bank Limited"
"PAK","bankalfalahltdkarachipakistanpak", 4326, 70, 30, "Bank Alfalah Ltd"
"CHN","standardcharteredbankchinaltdshanghaichinachn", 4326, 105, 35, "Standard Chartered Bank China Ltd"
"ARE","standardcharteredbankdubaiuaeare", 4326, 54, 24, "Standard Chartered Bank"
"ARE","nationalbankoffujairahfujairahuaeare", 4326, 54, 24, "National Bank of Fujairah"
"PAK","nationalbankofpakistankarachipakistanpak", 4326, 70, 30, "National Bank of Pakistan"
"PAK","soneribankltdkarachipakistanpak", 4326, 70, 30, "Soneri Bank Ltd"
"PAK","standardcharteredbankkarachipakistanpak", 4326, 70, 30, "Standard Chartered Bank"
"GBR","standardcharteredbanklondongbgbr", 4326, 2, 54, "Standard Chartered Bank"
"BEL","jpmorganinternationalbankbrusselsbelgiumbel", 4326, 4, 50.8333, "JPMorgan International Bank Brussels"
"CYM","dmsbanktrustltdcaymanislandscym", 4326, 80.5, 19.5, "DMS Bank & Trust Ltd"
"RUS","vtbnorthweststpetersburgrussiarus", 4326, 100, 60, "VTB North West"
"TWN","esunbanktaipeitaiwantwn", 4326, 121, 23.5, "E Sun Bank"
"GBR","dnbnorbankasalondonenglandgbr", 4326, 2, 54, "DNB Nor Bank Asa"
"NZL","bankofnewzealandnewzealandnzl", 4326, 174, 41, "Bank of New Zealand"
"TUR","turkiyehalkbankasiasturkeytur", 4326, 35, 39, "Turkiye Halk Bankasi A S"
"UKR","ukrgasbankkievukraineukr", 4326, 32, 49, "Ukrgasbank"
"AZE","kapitalbankbakuazerbaijanaze", 4326, 47.5, 40.5, "Kapital Bank"
"KEN","middleeastbankkenyaltdkenyaken", 4326, 38, 1, "Middle East Bank Kenya Ltd"
"GBR","standardcharteredbanklondongbr", 4326, 2, 54, "Standard Chartered Bank"
"KEN","standardcharteredbankkenyaken", 4326, 38, 1, "Standard Chartered Bank"
"CHN","bankofchinalimitedchinabeijingchinachn", 4326, 105, 35, "Bank of China Limited China"
"CYP","hellenicbanknicosiacypruscyp", 4326, 33, 35, "Hellenic Bank"
"RUS","ojscpromsvyazbankmoscowrussiarus", 4326, 100, 60, "Ojsc Promsvyazbank"
"CAN","canadianimperialbankofcommercetorontocanadacan", 4326, 95, 60, "Canadian Imperial Bank of Commerce"
"TWN","megainternationalcommlbankcoltdtaipeitaiwantwn", 4326, 121, 23.5, "Mega International Comml Bank Co Ltd"
"NLD","abnamrobanknvamsterdamnetherlandsnld", 4326, 5.75, 52.5, "ABN Amro Bank N.V."
"RUS","oaodnbnormonchebankmurmanskrussiarus", 4326, 100, 60, "Oao DNB Nor Monchebank"
"CYM","maplesfslimitedcaymanislandcym", 4326, 80.5, 19.5, "Maplesfs Limited"
"CHN","industrialcommercialbankbeijinghoofchinafuzhouchinachn", 4326, 105, 35, "Industrial & Commercial Bank Beijing H.O. of China"
"HKG","chinatrustcommercialbankhongkonghkg", 4326, 114.1667, 22.25, "Chinatrust Commercial Bank"
"AND","morabancgrupsaandorraand", 4326, 1.6, 42.5, "Mora Banc Grup SA"
"CHE","creditsuisseagzurichswitzerlandche", 4326, 8, 47, "Credit Suisse AG"
"SGP","icicibanklimitedsingaporesgp", 4326, 103.8, 1.3667, "Icici Bank Limited"
"CHE","societegeneraleprivatebankingsgpbsuisseswitzerlandche", 4326, 8, 47, "Societe Generale Private Banking"
"SGP","societegeneralebankandtrustsingaporesasgbtsingaporesingaporesgp", 4326, 103.8, 1.3667, "Societe Generale Bank And Trust Singapore SA"
"MCO","societegeneralebankandtrustmonacosgbtmonacomonacomco", 4326, 7.4, 43.7333, "Societe Generale Bank And Trust Monaco"
"BHR","denizbankasbahrainbranchobumanamabahrainbhr", 4326, 50.55, 26, "Denizbank AS Bahrain Branch"
"KAZ","vtbbankkazakhstanalmatykazakhstankaz", 4326, 68, 48, "VTB Bank"
"TUR","yapivekredibankasiasistanbulturkeytur", 4326, 35, 39, "Yapi Ve Kredi Bankasi A.S."
"TUR","turkekonomibankasiistanbulturkeytur", 4326, 35, 39, "Turk Ekonomi Bankasi"
"HKG","dbsbankhongkonglimitedhongkonghkg", 4326, 114.1667, 22.25, "DBS Bank"
"HKG","hangsengbanklimitedhongkonghkg", 4326, 114.1667, 22.25, "Hang Seng Bank Limited"
"IDN","bankinternationalindonesiajakartaindonesiaidn", 4326, 120, 5, "Bank International Indonesia"
"PHL","bancodeorounibankincmakaticityphilippinesphl", 4326, 122, 13, "Banco De Oro Unibank Inc."
"CHN","dbsbankchinaltdshanghaichinachn", 4326, 105, 35, "DBS Bank"
"LUX","vpbankluxembourgsaluxembourglux", 4326, 6.1667, 49.75, "VP Bank"
"AUT","vtbbankaustriaagviennaaustriaaut", 4326, 13.3333, 47.3333, "VTB Bank"
"HKG","bankofchinahongkongltdhongkonghkg", 4326, 114.1667, 22.25, "Bank of China Hong Kong Ltd"
"CHE","societegeneraleprivatebankingsuissesaswitzerlandche", 4326, 8, 47, "Societe Generale Private Banking"
"CHE","sgprivatebankingsuissesazurichswitzerlandche", 4326, 8, 47, "SG Private Banking"
"CYM","caledonianbanklimitedgeorgetowncaymanislandscym", 4326, 80.5, 19.5, "Caledonian Bank Limited"
"ARE","firstgulfbankabudhabiunitedarabemiratesare", 4326, 54, 24, "First Gulf Bank"
"ITA","unicreditspamilanitalyita", 4326, 12.8333, 42.8333, "UniCredit Spa"
"CHN","agriculturalbankofchinabeijingchinachn", 4326, 105, 35, "Agricultural Bank of China"
"CHN","industrialandcommlbankofchinabeijingchinachn", 4326, 105, 35, "Industrial And CommL Bank of China"
"CAN","caissecentraledesjardinsmontrealcanadacan", 4326, 95, 60, "Caisse Centrale Desjardins"
"GBR","crownagentsbanklondonenglandgbr", 4326, 2, 54, "Crown Agents Bank"
"TUR","kuwaitturkishparticipationbankincistanbulturkeytur", 4326, 35, 39, "Kuwait Turkish Participation Bank Inc"
"ARE","emiratesnbdbankpjscdubaiunitedarabemiratesare", 4326, 54, 24, "Emirates Nbd Bank PJSC"
"AUT","raiffeisenbankinternationalagviennaaustriaaut", 4326, 13.3333, 47.3333, "Raiffeisen Bank International AG"
"ARE","standardcharteredbankdubaitreasuryaccountdubaiunitedarabemiratesare", 4326, 54, 24, "Standard Chartered Bank Dubai Treasury Account"
"ARE","nationalbkofrasalkhaimahpscrasalkhaimahunitedarabemiratesare", 4326, 54, 24, "National Bk of Ras Al Khaimah Psc"
"CHN","chinaconstructionbankbeijingchinachn", 4326, 105, 35, "China Construction Bank"
"LBN","byblosbanksalbeirutlebanonlbn", 4326, 35.8333, 33.8333, "Byblos Bank S.A.L. "
"RUS","ojscjscbinternationalfinancialclubmoscowrussiarus", 4326, 100, 60, "Ojsc Jscb International Financial Club"
"DEU","hshnordbankaghamburggermanydeu", 4326, 9, 51, "Hsh Nordbank AG"
"KAZ","sberbankjscalmatykazakhstankaz", 4326, 68, 48, "Sberbank JSC"
"RUS","banksoyuzmoscowrussiarus", 4326, 100, 60, "Bank Soyuz"
"RUS","sberbankofrussiamoscowrussiarus", 4326, 100, 60, "Sberbank of Russia"
"GBR","standardcharteredbanklondonenglandgbr", 4326, 2, 54, "Standard Chartered Bank"
"HKG","bankoftaiwanhongkonghkg", 4326, 114.1667, 22.25, "Bank of Taiwan"
"CHN","pinganbankcoltdshenzenchinachn", 4326, 105, 35, "Ping An Bank Co. Ltd."
"NOR","dnbbankasaoslonorwaynor", 4326, 10, 62, "DNB Bank Asa"
"CHE","creditsuisseaggenevaswitzerlandche", 4326, 8, 47, "Credit Suisse AG"
"GBR","nationalwestminsterbankplclondonenglandgbr", 4326, 2, 54, "National Westminster Bank Plc"
"CHN","pinganbankcoltdshenzhenchinachn", 4326, 105, 35, "Ping An Bank Co Ltd"
"IDN","ptbankcentralasiatbkjakartaindonesiaidn", 4326, 120, 5, "PT Bank Central Asia Tbk"
"OMN","bankmuscatalahlialomanisultanateofomanomn", 4326, 57, 21, "Bank Muscat Al Ahli Al Omani"
"GBR","commercialbankofceylonplcgreatbritaingbr", 4326, 2, 54, "Commercial Bank of Ceylon Plc"
"ARE","standardcharteredbankdubaiunitedarabemiratesare", 4326, 54, 24, "Standard Chartered Bank"
"ARE","habibbankagzurichdubaiunitedarabemiratesare", 4326, 54, 24, "Habib Bank AG Zurich"
"ARE","wallstreetexchangecenterllcdubaiunitedarabemiratesare", 4326, 54, 24, "Wall Street Exchange Center Llc"
"TUR","denizbankasistanbulturkeytur", 4326, 35, 39, "Denizbank A.S."
"TUR","turkiyeisbankasiistanbulturkeytur", 4326, 35, 39, "Turkiye Is Bankasi"
"TUR","eurobanktekfenasistanbulturkeytur", 4326, 35, 39, "Eurobank Tekfen A.S. "
"RUS","petrocommerceojscbankmoscowrussiarus", 4326, 100, 60, "Petrocommerce OJSC Bank"
"MDA","moldindconbanksachisinaumoldovamda", 4326, 29, 47, "Moldindconbank SA"
"CHE","ubsagzurichswitzerlandche", 4326, 8, 47, "UBS AG"
"DNK","nordeabankdanmarkascopenhagendenmarkdnk", 4326, 10, 56, "Nordea Bank Danmark A/S"
"RUS","promsvyazbankmoscowrussiarus", 4326, 100, 60, "Promsvyazbank"
"RUS","krbukhtabankukhtarussiarus", 4326, 100, 60, "Krb Ukhtabank"
"ARE","habibbankagzurichdubaiuaeare", 4326, 54, 24, "Habib Bank A G Zurich"
"RUS","unicreditbankcjscmoscowrussiarus", 4326, 100, 60, "UniCredit Bank Cjsc"
"RUS","vnesheconombankrussiarus", 4326, 100, 60, "Vnesheconombank"
"SGP","dbsbankltdsingaporesgp", 4326, 103.8, 1.3667, "DBS Bank Ltd"
"ARE","habibbankagzurichdubaiunitedarabemiratesare", 4326, 54, 24, "Habib Bank A G Zurich"
"RUS","creditunionpaymentcenterltdnovosibirskrussiarus", 4326, 100, 60, "Credit Union Payment Center Ltd"
"RUS","bankuralsibmoscowrussiarus", 4326, 100, 60, "Bank Uralsib"
"ISR","israeldiscountbankltdtelavivisraelisr", 4326, 34.75, 31.5, "Israel Discount Bank Ltd"
"KOR","wooribankseoulkoreakor", 4326, 127.5, 37, "Woori Bank"
"CZE","lbbwbankczasprahaczechrepubliccze", 4326, 15.5, 49.75, "Lbbw Bank Cz A.S. "
"RUS","bankvozrozhdeniemoscowrussianfederationrus", 4326, 100, 60, "Bank Vozrozhdenie"
"UKR","fidobankkyivukraineukr", 4326, 32, 49, "Fidobank"
"UKR","nadrabankkievukraineukr", 4326, 32, 49, "Nadra Bank"
"LBN","fransabanksallebanonlbn", 4326, 35.8333, 33.8333, "Fransabank Sal"
"NGA","unitedbankforafricaplcnigerianga", 4326, 8, 10, "United Bank For Africa Plc"
"ARE","blombankfrancedubaiare", 4326, 54, 24, "Blom Bank France"
"POL","raiffeisenbankpolskasawarszawapolandpol", 4326, 20, 52, "Raiffeisen Bank Polska S A"
"IDN","bankdbsindonesiaptjakartaindonesiaidn", 4326, 120, 5, "Bank DBS Indonesia PT"
"CHN","bankofshanghainingbochinachn", 4326, 105, 35, "Bank of Shanghai"
"CZE","ppfbankaaspragueczechrepubliccze", 4326, 15.5, 49.75, "PPF Banka A.S. "
"RUS","dnbnormonchebankmurmanskrussiarus", 4326, 100, 60, "DNB Nor Monchebank"
"DEU","berenbergbankhamburggermanydeu", 4326, 9, 51, "Berenberg Bank"
"HKG","huanancommercialbankltdhongkonghkg", 4326, 114.1667, 22.25, "Hua Nan Commercial Bank Ltd. "
"LUX","kbleuropeanprivatebankerssaluxembourglux", 4326, 6.1667, 49.75, "Kbl European Private Bankers S.A. "
"LUX","banquepriveeedmondderothchildluxembourgluxembourglux", 4326, 6.1667, 49.75, "Banque Privee Edmond De Rothchild"
"DNK","danskebankascopenhagendenmarkdnk", 4326, 10, 56, "Danske Bank A/S"
"POL","bankzachodniwbksapoznanpolandpol", 4326, 20, 52, "Bank Zachodni Wbk SA"
"LBN","cscbanksalbeirutlebanonlbn", 4326, 35.8333, 33.8333, "Cscbank Sal"
"RUS","alfabankmoscowrussiarus", 4326, 100, 60, "AlfaBank"
"CZE","ceskasportelnaaspragueczechrepubliccze", 4326, 15.5, 49.75, "Ceska Sportelna A.S."
"CHN","industrialcommlbankofchinabeijingchinachn", 4326, 105, 35, "Industrial Comml Bank of China"
"GBR","lloydstsbbankplclondonenglandgbr", 4326, 2, 54, "Lloyds TSB Bank Plc"
"DNK","nordeabankdanmarkascopenhagendenmarkdnk", 4326, 10, 56, "Nordea Bank Danmark A S"
"PAK","unitedbanklimitedkarachipakistanpak", 4326, 70, 30, "United Bank Limited"
"PAK","meezanbanklimitedkarachipakistanpak", 4326, 70, 30, "Meezan Bank Limited"
"TUR","kuwaitturkishparticipationbkincistanbulturkeytur", 4326, 35, 39, "Kuwait Turkish Participation Bk Inc"
"RUS","rosbankmoscowrussiarus", 4326, 100, 60, "Rosbank"
"IND","hdfcbankhousemumbaiindiaind", 4326, 77, 20, "Hdfc Bank House"
"MYS","standardcharteredbankmalaysiamys", 4326, 112.5, 2.5, "Standard Chartered Bank"
"IND","statebankofindiamumbaiindiaind", 4326, 77, 20, "State Bank of India"
"IND","punjabnationalbanknewdelhiindiaind", 4326, 77, 20, "Punjab National Bank"
"GBR","lloydsbankplcbirminghamenglandgbr", 4326, 2, 54, "Lloyds Bank Plc"
"IND","axisbankltdmumbaiindiaind", 4326, 77, 20, "Axis Bank Ltd"
"IND","icicibanklimitedmumbaiindiaind", 4326, 77, 20, "Icici Bank Limited"
"CAN","amanimakunguatbankofmontrealmontrealcanadacan", 4326, 95, 60, "Amani Makungu At Bank of Montreal"
"RUS","vtbbankopenjointstockbankmoscowrussiarus", 4326, 100, 60, "VTB Bank"
"LIE","liechtensteinischelandesbankvaduzliechtensteinlie", 4326, 9.5333, 47.1667, "Liechtensteinische Landesbank"
"FIN","nordeabankfinlandplchelsinkifinlandfin", 4326, 26, 64, "Nordea Bank Finland Plc"
"HKG","banksinopachongkonghkg", 4326, 114.1667, 22.25, "Bank Sinopac"
"LUX","vpbankluxembourglux", 4326, 6.1667, 49.75, "VP Bank"
"TUR","finansbankasistanbulturkeytur", 4326, 35, 39, "Finansbank A.S. "
"DEU","isbankagfrankfurtammaingermanydeu", 4326, 9, 51, "Isbank AG"
"HUN","mkbbankzrtbudapesthungaryhun", 4326, 20, 47, "Mkb Bank Zrt. "
"SGP","chinatrustcommercialbanksingaporesgp", 4326, 103.8, 1.3667, "Chinatrust Commercial Bank"
"RUS","vnesheconombankmoscowrussiarus", 4326, 100, 60, "Vnesheconombank"
"JAM","nationalcommercialbankjamaicaltdkingstonjamaicajam", 4326, 77.5, 18.25, "National Commercial Bank Jamaica Ltd."
"TUR","sekerbanktasistanbulturkeytur", 4326, 35, 39, "Sekerbank T A S"
"CZE","ceskoslovenskaobchodnibankaasczechrepubliccze", 4326, 15.5, 49.75, "Ceskoslovenska Obchodni Banka AS"
"RUS","bankvtb24jscrussiarus", 4326, 100, 60, "Bank VTB 24 JSC"
"RUS","alfabankrussiarus", 4326, 100, 60, "Alfa Bank"
"DEU","deutschepostbankaggermanydeu", 4326, 9, 51, "Deutsche Postbank Ag"
"LVA","swedbankaslatvialva", 4326, 25, 57, "Swedbank AS"
"EST","eestikreditbankestoniaest", 4326, 26, 59, "Eesti Kreditbank"
"CYP","cooperativecentralbankcypruscyp", 4326, 33, 35, "Co Operative Central Bank"
"CYP","piraeusbankcyprusltdcypruscyp", 4326, 33, 35, "Piraeus Bank Cyprus Ltd"
"GBR","bankofirelandglobalmarketsukgbr", 4326, 2, 54, "Bank of Ireland Global Markets"
"GBR","bankofirelandukplcukgbr", 4326, 2, 54, "Bank of Ireland UK Plc"
"CHE","societegeneraleprivatebankingsuisseswitzerlandche", 4326, 8, 47, "Societe Generale Private Banking"
"BEL","kbcbanknvbrusselsbelgiumbel", 4326, 4, 50.8333, "Kbc Bank NV"
"RUS","transcreditbankmoscowrussiarus", 4326, 100, 60, "Transcredit Bank"
"BEL","euroclearbanksabrusselsbelgiumbel", 4326, 4, 50.8333, "Euroclear Bank SA"
"NLD","ingbanknvamsterdamnetherlandsnld", 4326, 5.75, 52.5, "ING Bank NV"
"RUS","gazprombankopenjointstockcorussiarus", 4326, 100, 60, "Gazprombank Open JointStock Co"
"ARE","bankofbarodadubaiunitedarabemiratesare", 4326, 54, 24, "Bank of Baroda"
"ARE","alrostamaniinternationalexchangerasalkhaimahunitedarabemiratesare", 4326, 54, 24, "Al Rostamani International Exchange"
"ARE","nationalbkofrasalkhaimahpscunitedarabemiratesare", 4326, 54, 24, "National Bk of Ras Al Khaimah Psc"
"ARE","uaeexchangecentrellcabudhabiunitedarabemiratesare", 4326, 54, 24, "Uae Exchange Centre Llc"
"PRT","bancoespiritosantosalisbonportugalprt", 4326, 8, 39.5, "Banco Espirito Santo S.A.( Lisbon Portugal)"
"GBR","barclaysbankplcukcorporategbr", 4326, 2, 54, "Barclays Bank Plc"
"AUT","erstegroupbankagviennaaustriaaut", 4326, 13.3333, 47.3333, "Erste Group Bank AG"
"DEU","berlinervolksbankegberlingermanydeu", 4326, 9, 51, "Berliner Volksbank E G"
"AUT","vorarlbergervolksbankgmbhrankweilaustriaaut", 4326, 13.3333, 47.3333, "Vorarlberger Volksbank Gmbh"
"MEX","cibancosamexicocitymexicomex", 4326, 102, 23, "Ci Banco S.A."
"SVK","ceskoslovenskaobchodnabankaasbratislavaslovakiasvk", 4326, 19.5, 48.6667, "Ceskoslovenska Obchodna Banka A.S. "
"CHN","huaxiabankbeijingchinachn", 4326, 105, 35, "Hua Xia Bank Beijing"
"CHN","bankofcommunicationscoltdchinachn", 4326, 105, 35, "Bank of Communications Co. Ltd. "
"PER","bancodecreditodelperulimaperuper", 4326, 76, 10, "Banco De Credito Del Peru"
"CYM","dmsbanktrustltdgeorgetowncaymanislandscym", 4326, 80.5, 19.5, "DMS Bank & Trust Ltd. "
"LBN","bankaudisalbeirutlebanonlbn", 4326, 35.8333, 33.8333, "Bank Audi Sal"
"ARE","emiratesnbdbankpjscdeiradubaiuaeare", 4326, 54, 24, "Emirates Nbd Bank PJSC"
"KWT","commercialbankofkuwaitsaksafatkuwaitkwt", 4326, 47.6581, 29.3375, "Commercial Bank of Kuwait Sak"
"TUR","turkiyevakiflarbankasitaoistanbulturkeytur", 4326, 35, 39, "Turkiye Vakiflar Bankasi T.A.O"
"JOR","investbankjordanjor", 4326, 36, 31, "Investbank"
"JOR","capitalbankofjordanammanjordanjor", 4326, 36, 31, "Capital Bank of Jordan"
"JOR","blombanksalammanjordanjor", 4326, 36, 31, "Blom Bank S.A.L."
"LBN","bankofbeirutandthearabcountriessalbeirutlebanonlbn", 4326, 35.8333, 33.8333, "Bank of Beirut And The Arab Countries S A L"
"SGP","creditsuissesingaporebranchsingaporesgp", 4326, 103.8, 1.3667, "Credit Suisse Singapore Branch"
"CHE","banquepictetandciesagenevaswitzerlandche", 4326, 8, 47, "Banque Pictet And Cie SA"
"HKG","creditsuissekowloonhongkonghkg", 4326, 114.1667, 22.25, "Credit Suisse"
"RUS","bankotkritiefinancialcorporationmoscowrussiarus", 4326, 100, 60, "Bank Otkritie Financial Corporation"
"CYM","bankofbutterfieldinternationalgeorgetowncaymanislandscym", 4326, 80.5, 19.5, "Bank of Butterfield International"
"CHE","bsisaluganoswitzerlandche", 4326, 8, 47, "BSI SA"
"RUS","gazprombankmoscowrussiarus", 4326, 100, 60, "Gazprombank"
"CHE","efgbankzurichswitzerlandche", 4326, 8, 47, "EFG Bank"
"NAM","firstnationalbankofnamibialimitedwindhoeknamibianam", 4326, 17, 22, "First National Bank of Namibia Limited"
"HKG","standardcharteredbankhongkonghkg", 4326, 114.1667, 22.25, "Standard Chartered Bank"
"CYM","atlanticsecuritybankgeorgetowncaymanislandscym", 4326, 80.5, 19.5, "Atlantic Security Bank"
"KAZ","bankkazakhstanalmatykzkaz", 4326, 68, 48, "Bank Kazakhstan"
"HKG","dbsbankhongkonglimitedquarrybayhongkonghkg", 4326, 114.1667, 22.25, "DBS Bank"
"CHN","dbsbankchinalimitedbeijingchinachn", 4326, 105, 35, "DBS Bank"
"IDN","banknegaraindonesiaperserojakartaindonesiaidn", 4326, 120, 5, "Bank Negara Indonesia"
"SGP","dbsbankltdsingaporesingaporesgp", 4326, 103.8, 1.3667, "DBS Bank Ltd Singapore"
"SGP","overseachinesebankingcorpltdsingaporesgp", 4326, 103.8, 1.3667, "Oversea Chinese Banking Corp Ltd"
"CHE","creditsuisseaglausanneswitzerlandche", 4326, 8, 47, "Credit Suisse AG"
"GBR","santanderukplclondonenglandgbr", 4326, 2, 54, "Santander UK Plc"
"TUR","aktifyatirimbankasiasistanbulturkeytur", 4326, 35, 39, "Aktif Yatirim Bankasi A.S. "
"RUS","vtbbankrussiarus", 4326, 100, 60, "VTB Bank"
"TUR","denizbankasturkeytur", 4326, 35, 39, "Denizbank AS"
"RUS","savingsbankoftherussianfederationsamararussiarus", 4326, 100, 60, "Savings Bank of The Russian Federation"
"IRL","bankofirelanddublinirelandirl", 4326, 8, 53, "Bank of Ireland"
"CYM","bankofbutterfieldinternationalcaymanlimitedgeorgetowncaymanislandscym", 4326, 80.5, 19.5, "Bank of Butterfield International"
"HKG","chinaciticbankinternationalltdhongkonghkg", 4326, 114.1667, 22.25, "China Citic Bank International Ltd"
"AUS","nationalaustraliabanklimitedmelbournevictoriaaustraliaaus", 4326, 133, 27, "National Australia Bank Limited"
"CHE","investecbankswitzerlandagzurichswitzerlandche", 4326, 8, 47, "Investec Bank"
"AUS","macquariebanklimitedsydneyaustraliaaus", 4326, 133, 27, "Macquarie Bank Limited"
"SGP","rhbbankberhadsingaporesgp", 4326, 103.8, 1.3667, "Rhb Bank Berhad"
"SGP","cimbbankberhadsingaporesgp", 4326, 103.8, 1.3667, "CIMB Bank Berhad"
"RUS","uralsibbankoaomoscowrussiarus", 4326, 100, 60, "Uralsib Bank OAO"
"EST","tallinnbusinessbankestoniaest", 4326, 26, 59, "Tallinn Business Bank"
"CYP","barclaysbankplcnicosiabarclayscypruscyp", 4326, 33, 35, "Barclays Bank Plc Nicosia"
"HKG","standardcharteredbankhongkonglimitedhongkonghkg", 4326, 114.1667, 22.25, "Standard Chartered Bank Hong Kong Limited"
"LIE","liechtensteinischelandesbankliechtensteinlie", 4326, 9.5333, 47.1667, "Liechtensteinische Landesbank"
"DNK","saxobankdenmarkdnk", 4326, 10, 56, "Saxo Bank"
"GBR","deutschebankaglondongbr", 4326, 2, 54, "Deutsche Bank AG"
"LVA","rietumubankajsclatvialva", 4326, 25, 57, "Rietumu Banka JSC"
"RUS","vtb24jscrussiarus", 4326, 100, 60, "VTB 24"
"CYP","barclaysbankplcnicosiacyp", 4326, 33, 35, "Barclays Bank Plc"
"RUS","vtbnorthwestjscstpetersburgrussiarus", 4326, 100, 60, "VTB NorthWest JSC"
"MDA","commercialbankmobiasbancagroupechisinaumoldovamda", 4326, 29, 47, "Commercial Bank MobiasbancaGroupe"
"GBR","efgprivatebanklimitedlondonenglandgbr", 4326, 2, 54, "EFG Private Bank Limited"
"RUS","alfabankmoscowrussiarus", 4326, 100, 60, "Alfabank"
"RUS","ingbankeurasiazaomoscowrussiarus", 4326, 100, 60, "ING Bank Eurasia Zao"
"LBN","audiprivatebanksalbeirutlebanonlbn", 4326, 35.8333, 33.8333, "Audi Private Bank S.A.L."
"IRL","ulsterbanklimiteddublinirelandirl", 4326, 8, 53, "Ulster Bank Limited"
"KAZ","halyksavingsbankkazakhstanalmatykazakhstankaz", 4326, 68, 48, "Halyk Savings Bank Kazakhstan"
"AUT","unicreditbankaustriaagviennaaustriaaut", 4326, 13.3333, 47.3333, "UniCredit Bank Austria AG"
"RUS","bankvozrozhdeniemoscowrussiarus", 4326, 100, 60, "Bank Vozrozhdenie"
"AUT","meinlbankagviennaaustriaaut", 4326, 13.3333, 47.3333, "Meinl Bank AG"
"EST","swedbankasestoniaest", 4326, 26, 59, "Swedbank AS"
"EST","escitadelebankaeestifiliaalestoniaest", 4326, 26, 59, "Es Citadele Banka Eesti Filiaal"
"RUS","alfabankojscrussiarus", 4326, 100, 60, "AlfaBank OJSC"
"RUS","pjscrosbankmoscowrussiarus", 4326, 100, 60, "PJSC Rosbank"
"ISR","bankhapoalimbmtelavivisraelisr", 4326, 34.75, 31.5, "Bank Hapoalim B M"
"KEN","barclaysbankofkenyaltdkenyaken", 4326, 38, 1, "Barclays Bank of Kenya Ltd"
"PHL","rizalcommercialbankingcorpmanilaphilipppinesphl", 4326, 122, 13, "Rizal Commercial Banking Corp. "
"IDN","bankocbcnisptbkjakartaindonesiaidn", 4326, 120, 5, "Bank Ocbc Nisp Tbk"
"KAZ","eurasianbankalmatykazakhstankaz", 4326, 68, 48, "Eurasian Bank"
"IND","yesbanklimitedmumbaiindiaind", 4326, 77, 20, "Yes Bank Limited"
"KAZ","nurbankjscalmatykazakhstankaz", 4326, 68, 48, "Nurbank JSC"
"KAZ","bankcentercreditalmatykazakhstankaz", 4326, 68, 48, "Bank Centercredit"
"MYS","cimbbankberhadkualalumpurmalaysiamys", 4326, 112.5, 2.5, "CIMB Bank Berhad"
"IDN","bankmandiriperseotbkptjakartaindonesiaidn", 4326, 120, 5, "Bank Mandiri"
"GBR","couttsandcompanylondonenglandgbr", 4326, 2, 54, "Coutts And Company"
"MEX","bancobasesamexicomex", 4326, 102, 23, "Banco Base S.A."
"PAN","multibankincpanamapanamapan", 4326, 80, 9, "Multibank Inc. "
"BLZ","atlanticbankltdbelizecitybelizeblz", 4326, 88.75, 17.25, "Atlantic Bank Ltd"
"CHE","bankcialbasleswitzerlandche", 4326, 8, 47, "Bank Cial"
"MEX","bbvabancomersamexicomex", 4326, 102, 23, "Bbva Bancomer S.A."
"JOR","egyptianarablandbanksaeammanjordanjor", 4326, 36, 31, "Egyptian Arab Land Bank S A E"
"NLD","ingnetherlandnvnetherlandsnld", 4326, 5.75, 52.5, "ING Netherland NV"
"IND","axisbanklimitedindiaind", 4326, 77, 20, "Axis Bank Limited"
"DEU","commerzbankaggermanydeu", 4326, 9, 51, "Commerzbank AG"
"GBR","lloydsbankplcunitedkingdomgbr", 4326, 2, 54, "Lloyds Bank Plc"
"RUS","openjointstockcompanypromsvyazbankrussiarus", 4326, 100, 60, "Open Joint Stock Company Promsvyazbank"
"AUT","raiffeisenbankinternationalagaustriaaut", 4326, 13.3333, 47.3333, "Raiffeisen Bank International AG"
"ARE","bankofbarodadubaibranchdubaiuaeare", 4326, 54, 24, "Bank of Baroda Dubai Branch"
"ARE","nationalbkofrasalkhaimahpscdubaiuaeare", 4326, 54, 24, "National Bk of Ras Al Khaimah Psc"
"MLT","bankofvallettaplcvallettamaltamlt", 4326, 14.5833, 35.8333, "Bank of Valletta Plc"
"HKG","scbhongkonghongkonghkg", 4326, 114.1667, 22.25, "Scb Hong Kong"
"BGD","scbbangladeshdhakabangladeshbgd", 4326, 90, 24, "Scb Bangladesh"
"PAK","scbpakistanlimitedkarachipakistanpak", 4326, 70, 30, "Scb Pakistan Limited"
"LKA","nationstrustbankplccolombosirlankalka", 4326, 81, 7, "Nations Trust Bank Plc"
"ARE","scbuaedubaiuaeare", 4326, 54, 24, "Scb Uae"
"RUS","fareasternbankvladivostokrussiarus", 4326, 100, 60, "Far Eastern Bank"
"POL","bankslaskisakatowicepolandpol", 4326, 20, 52, "Bank Slaski S.A. "
"MEX","citibancosainstituciondebancamultiplemexicomex", 4326, 102, 23, "Citibanco SA Institucion De Banca Multiple"
"IDN","ptbankuobindonesiajakartaindonesiaidn", 4326, 120, 5, "PT Bank Uob Indonesia"
"GBR","creditsuisseinternationallondonukgbr", 4326, 2, 54, "Credit Suisse International"
"RUS","sudostroitelnyjbankmoscowrussiarus", 4326, 100, 60, "Sudostroitelnyj Bank"
"TUR","turkiyegarantibankasiasistanbulbesiktastur", 4326, 35, 39, "Turkiye Garanti Bankasi A.S"
"ARE","arabbankforinvestmentforeigntradeabudhabiuaeare", 4326, 54, 24, "Arab Bank For Investment & Foreign Trade"
"LIE","vpbankagtriesenliechtensteinlie", 4326, 9.5333, 47.1667, "VP Bank AG"
"ARE","wallstreetexchangecentrellcdubaiuaeare", 4326, 54, 24, "Wall Street Exchange Centre Llc"
"CZE","lbbwbankczaspragueczechrepubliccze", 4326, 15.5, 49.75, "Lbbw Bank Cz A.S."
"MDA","unibankchisinaumoldovamda", 4326, 29, 47, "Unibank"
"GBR","britisharabcommercialbankltdlondonenglandgbr", 4326, 2, 54, "British Arab Commercial Bank Ltd"
"TUR","kuwaitturkishparticipationbkistanbulturkeytur", 4326, 35, 39, "Kuwait Turkish Participation Bk"
"RUS","krajinvestbankkrasnodarrussiarus", 4326, 100, 60, "Krajinvestbank"
"CHE","sgprivatebankingsuissesazurichswitzerlandche", 4326, 8, 47, "SG Private Banking"
"FIN","pohjolabankplchelsinkifinlandfin", 4326, 26, 64, "Pohjola Bank Plc"
"TUR","turkekonomibankasiasturkeytur", 4326, 35, 39, "Turk Ekonomi Bankasi A S"
"TUR","vakifbankturkeytur", 4326, 35, 39, "Vakifbank"
"CHN","bankofchinalimitedchinachn", 4326, 105, 35, "Bank of China Limited"
"LBN","almawaridbanklebanonlbn", 4326, 35.8333, 33.8333, "Al Mawarid Bank"
"PAN","andbancpanamasapanamacitypanamapan", 4326, 80, 9, "Andbanc"
"TWN","bankoftaiwanteipeitaiwantwn", 4326, 121, 23.5, "Bank of Taiwan"
"TWN","taishininternationalbanktaipeitaiwantwn", 4326, 121, 23.5, "Taishin International Bank"
"HKG","ctbcbankcoltdhongkonghkg", 4326, 114.1667, 22.25, "CTBC Bank Co Ltd"
"CHN","pinganbankcoltdchinachn", 4326, 105, 35, "Ping An Bank Co Ltd"
"TWN","scsbsavingsdepartmentbranchtaipeitaiwantwn", 4326, 121, 23.5, "SCSB Savings Department Branch"
"NOR","skandinaviskaenskildabankenoslonorwaynor", 4326, 10, 62, "Skandinaviska Enskilda Banken"
"ECU","produbancoquitoecuadorecu", 4326, 77.5, 2, "Produbanco"
"RUS","vnesheconombankakathebankfordevelopmentandforeigneconomicaffairsmoscowrussiarus", 4326, 100, 60, "Vnesheconombank"
"UKR","ukrsotzbankkievukraineukr", 4326, 32, 49, "Ukrsotzbank"
"IND","kotakmahindrabankmumbaiindiaind", 4326, 77, 20, "Kotak Mahindra Bank"
"IND","unionbankofindiamumbaiindiaind", 4326, 77, 20, "Union Bank of India"
"SAU","riyadbankriyadhsaudiarabiasau", 4326, 45, 25, "Riyad Bank"
"PAN","bancocreditandorrapanamasapan", 4326, 80, 9, "Banco Credit Andorra"
"TWN","scsbsavingsbanktaipeitaiwantwn", 4326, 121, 23.5, "SCSB Savings Bank"
"CHE","bankcialswitzerlandbasleswitzerlandche", 4326, 8, 47, "Bank Cial"
"TWN","cathayunitedbanktaipeicitytaiwantwn", 4326, 121, 23.5, "Cathay United Bank"
"HKG","taipeifuboncommercialbankcoltdhongkonghkg", 4326, 114.1667, 22.25, "Taipei Fubon Commercial Bank Co Ltd"
"SGP","ctbcbankcoltdsingaporesgp", 4326, 103.8, 1.3667, "CTBC Bank Co. Ltd"
"LIE","vpbankagvaduzliechtensteinlie", 4326, 9.5333, 47.1667, "VP Bank AG"
"HKG","ocbcwinghangbanklimitedhongkonghkg", 4326, 114.1667, 22.25, "Ocbc Wing Hang Bank Limited"
"HKG","creditsuissehongkonghkg", 4326, 114.1667, 22.25, "Credit Suisse"
"SGP","indianbanksingaporesgp", 4326, 103.8, 1.3667, "Indian Bank"
"CYM","dmsbanktrustltdcaymanislandsgcym", 4326, 80.5, 19.5, "DMS Bank & Trust Ltd. "
"RUS","bankrossiyastpetersburgrussiarus", 4326, 100, 60, "Bank Rossiya"
"IND","indusindbankltdmumbaiindiaind", 4326, 77, 20, "Indusind Bank Ltd."
"URY","bancodesantandermontevideouruguayury", 4326, 56, 33, "Banco De Santander"
"IDN","bankchinatrustindonesiajakartaindonesiaidn", 4326, 120, 5, "Bank Chinatrust Indonesia"
"NOR","dnbnorbankasaoslonorwaynor", 4326, 10, 62, "DNB Nor Bank Asa"
"BEL","ingbelgiumsanvantwerpbelgiumbel", 4326, 4, 50.8333, "ING Belgium Sa/Nv"
"UKR","openjointstockcompanyvtbbankkievukraineukr", 4326, 32, 49, "Open JointStock Company VTB Bank"
"TUR","turkiyefinanskatilimbankasiasistanbulturkeytur", 4326, 35, 39, "Turkiye Finans Katilim Bankasi A.S."
"FRA","natixisparisfrancefra", 4326, 2, 46, "Natixis"
"RUS","savingsbankoftherussianfederationstpetersburgrussiarus", 4326, 100, 60, "Savings Bank of The Russian Federation"
"LVA","jscnorvikbankalatvialva", 4326, 25, 57, "JSC Norvik Banka"
"CYP","hellenicbankltdcypruscyp", 4326, 33, 35, "Hellenic Bank Ltd"
"RUS","investtradebankojscrussiarus", 4326, 100, 60, "Investtradebank OJSC"
"POL","ingbankslaskisapolandpol", 4326, 20, 52, "ING Bank Slaski SA"
"RUS","sberbankofrussiarussiarus", 4326, 100, 60, "Sberbank of Russia"
"TWN","bankoftaiwantaiwantwn", 4326, 121, 23.5, "Bank of Taiwan"
"KOR","kyongnambanksouthkoreakor", 4326, 127.5, 37, "Kyongnam Bank"
"NGA","ecobanknigeriaplcnigerianga", 4326, 8, 10, "Ecobank Nigeria Plc"
"IND","statebankofindiaindiaind", 4326, 77, 20, "State Bank of India"
"MUS","standardbankmauritiusmus", 4326, 57.55, 20.2833, "Standard Bank"
"MUS","mauritiuscommercialbankmauritiusmus", 4326, 57.55, 20.2833, "Mauritius Commercial Bank"
"GBR","vtbcapitalplcunitedkingdomgbr", 4326, 2, 54, "VTB Capital Plc"
"GBR","deutschebankunitedkingdomgbr", 4326, 2, 54, "Deutsche Bank"
"MUS","deutschebankmauritiusmus", 4326, 57.55, 20.2833, "Deutsche Bank"
"TUR","akbanktasturkeytur", 4326, 35, 39, "Akbank Tas"
"DEU","deutschebankaggermanydeu", 4326, 9, 51, "Deutsche Bank AG"
"CYP","eurobankcyprusltdnicosiacypruscyp", 4326, 33, 35, "Eurobank Cyprus Ltd"
"LTU","sebbankasvilniuslithuanialtu", 4326, 24, 56, "SEB Bankas"
"DEU","commerzbankagfrankfurtgermanydeu", 4326, 9, 51, "Commerzbank A G"
"HKG","scbhkhongkonghkg", 4326, 114.1667, 22.25, "Scb Hk"
"TUR","finansbankasturkeytur", 4326, 35, 39, "Finansbank AS"
"HKG","bankofchinahongkonglimitedhongkonghkg", 4326, 114.1667, 22.25, "Bank of China Hong Kong Limited"
"RUS","rostbankrussiarus", 4326, 100, 60, "Rost Bank"
"EST","sebbanktallinnestoniaest", 4326, 26, 59, "SEB Bank"
"MUS","bankinternasionalindonesiamauritiusmus", 4326, 57.55, 20.2833, "Bank Internasional Indonesia"
"HKG","bankofeastasialtdhongkonghkg", 4326, 114.1667, 22.25, "Bank of East Asia Ltd"
"CHN","chinamerchantsbankshenzhenchinachn", 4326, 105, 35, "China Merchants Bank"
"GBR","santanderukplcukgbr", 4326, 2, 54, "Santander UK Plc"
"CHE","couttsandcoltdswitzerlandche", 4326, 8, 47, "Coutts And Co Ltd"
"CHE","falconprivatebankswitzerlandche", 4326, 8, 47, "Falcon Private Bank"
"CYP","marfinpopularbankcypruscyp", 4326, 33, 35, "Marfin Popular Bank"
"RUS","nonbankingcreditorganizationsettlementchamberrtsrussiarus", 4326, 100, 60, "NonBanking Credit Organization Settlement Chamber Rts"
"RUS","savingsbankoftherussianstpetersburgrussiarus", 4326, 100, 60, "Savings Bank of The Russian"
"NGA","standardcharteredbanklagosnigerianga", 4326, 8, 10, "Standard Chartered Bank"
"NGA","unitedbankforafricaltdlagosnigerianga", 4326, 8, 10, "United Bank For Africa Ltd"
"DEU","bhfbankaktiengesellschaftfrankfurtgermanydeu", 4326, 9, 51, "Bhf Bank Aktiengesellschaft"
"GHA","energybankghanalimitedaccraghanagha", 4326, 2, 8, "Energy Bank Ghana Limited"
"GBR","fbnbankukltdlondongbgbr", 4326, 2, 54, "Fbn Bank UK Ltd"
"SVN","novaljubljanskabankaddljubljanasloveniasvn", 4326, 15, 46, "Nova Ljubljanska Banka D.D. "
"TUR","turkiyevakiflarbankasitaoankaraturkeytur", 4326, 35, 39, "Turkiye Vakiflar Bankasi T.A.O. "
"GBR","creditsuisseaglondonenglandgbr", 4326, 2, 54, "Credit Suisse AG"
"UKR","internationalinvestbankkievukraineukr", 4326, 32, 49, "International Invest Bank"
"RUS","baltinvestbankstpetersburgrussiarus", 4326, 100, 60, "Baltinvestbank"
"RUS","sberbankstpetersburgrussiarus", 4326, 100, 60, "Sberbank"
"RUS","bankvtbnorthwestjscstpetersburgrussiarus", 4326, 100, 60, "Bank VTB NorthWest JSC"
"SRB","piraeusbankadbeogradbeogradserbiasrb", 4326, 21, 44, "Piraeus Bank Ad Beograd"
"ARE","thenationalbankofrasalkhaimahrasalkhaimahuaeare", 4326, 54, 24, "The National Bank of Ras AlKhaimah"
"TWN","dbsbanktaiwanltdtaipeitaiwantwn", 4326, 121, 23.5, "DBS Bank(Taiwan) Ltd"
"GBR","csukltdlondonunitedkingdomgbr", 4326, 2, 54, "Cs"
"KAZ","temirbankalmatykazakhstankaz", 4326, 68, 48, "Temir Bank"
"TUR","turkiyecummuriyetiziraatbankasiankaraturkeytur", 4326, 35, 39, "Turkiye Cummuriyeti Ziraat Bankasi"
"TUR","asyakatilimbankasiasistanbulturkeytur", 4326, 35, 39, "Asya Katilim Bankasi A.S."
"POL","ingbankslaskisakatowicepolandpol", 4326, 20, 52, "ING Bank Slaski S.A."
"EGY","albarakabankegyptgizaegyptegy", 4326, 30, 27, "Al Baraka Bank Egypt"
"SGP","creditsuisseagsingaporebranchsingaporesgp", 4326, 103.8, 1.3667, "Credit Suisse Ag Singapore Branch"
"DEU","berlinervolksbankegberlingermanydeu", 4326, 9, 51, "Berliner Volksbank Eg"
"FIN","aktiasavingsbankhelsinkifinlandfin", 4326, 26, 64, "Aktia Savings Bank"
"TUR","turkiyecumhuriyetiziraatbankasiasanikaraturkeytur", 4326, 35, 39, "Turkiye Cumhuriyeti Ziraat Bankasi A.S."
"TUR","aktifinvestmentbankasistanbulturkeytur", 4326, 35, 39, "Aktif Investment Bank A.S."
"SGP","firstgulfbanksingaporesgp", 4326, 103.8, 1.3667, "First Gulf Bank"
"CYP","barclaysbankplcnicosiacypruscyp", 4326, 33, 35, "Barclays Bank Plc Nicosia"
"RUS","jsbrosevrobankojscrussiarus", 4326, 100, 60, "JS B Rosevrobank OJSC"
"EGY","housinganddevelopmentbankcairoegyptegy", 4326, 30, 27, "Housing And Development Bank"
"CAN","travelexcurrencyservicesinctorontoontariocan", 4326, 95, 60, "Travelex Currency Services Inc"
"LUX","banquepriveeedmondderothschildeuropeluxembourglux", 4326, 6.1667, 49.75, "Banque Privee Edmond De Rothschild Europe"
"CHN","shanghaipudongdevelopmentbankcoltdchinachn", 4326, 105, 35, "Shanghai Pudong Development Bank Co Ltd"
"ZAF","standardbankofsouthafricaltdsouthafricazaf", 4326, 24, 29, "Standard Bank of South Africa Ltd"
"NGA","wemabankplcnigerianga", 4326, 8, 10, "Wema Bank Plc"
"CHN","chinamerchantbankchinachn", 4326, 105, 35, "China Merchant Bank"
"SWE","skandinaviskaenskildabankenstockholmswedenswe", 4326, 15, 62, "Skandinaviska Enskilda Banken"
"DEU","sparkassekoelnbonncolognegermanydeu", 4326, 9, 51, "Sparkasse Koelnbonn"
"DEU","nassauischesparkassewiesbadengermanydeu", 4326, 9, 51, "Nassauische Sparkasse"
"GRC","piraeusbanksaathensgreecegrc", 4326, 22, 39, "Piraeus Bank S.A."
"AUS","commonwealthbankofaustraliasydneyaus", 4326, 133, 27, "Commonwealth Bank of Australia"
"BEL","cbcbanquesabrusselsbelgiumbel", 4326, 4, 50.8333, "Cbc Banque S.A."
"NGA","firstbankofnigeriaplclagosnigerianga", 4326, 8, 10, "First Bank of Nigeria Plc"
"FRA","bnpparibassaparisfrancefra", 4326, 2, 46, "Bnp Paribas SA"
"NGA","unitedbankforafricaplclagosnigerianga", 4326, 8, 10, "United Bank For Africa Plc"
"GBR","nationalwestminsterbankplclondongbgbr", 4326, 2, 54, "National Westminster Bank Plc"
"GBR","accessbankuklimitedlondongbgbr", 4326, 2, 54, "Access Bank UK Limited"
"NGA","firstcitymonumentbanklimitedlagosnigerianga", 4326, 8, 10, "First City Monument Bank Limited"
"DEU","libertybankgermanydeu", 4326, 9, 51, "Liberty Bank"
"UKR","forumbankukraineukr", 4326, 32, 49, "Forum Bank"
"LUX","banquedeluxembourgluxembourglux", 4326, 6.1667, 49.75, "Banque De Luxembourg"
"DEU","dbpostbankgermanydeu", 4326, 9, 51, "Db Postbank"
"CAN","central1creditunioncanadacan", 4326, 95, 60, "Central 1 Credit Union"
"GEO","bankofgeorgiageorgiageo", 4326, 43.5, 42, "Bank of Georgia"
"ARE","nationalbankofabudhabiuaeare", 4326, 54, 24, "National Bank of Abu Dhabi"
"GEO","procreditbankgeorgiageo", 4326, 43.5, 42, "Procredit Bank"
"GEO","tbcbankgeorgiageo", 4326, 43.5, 42, "Tbc Bank"
"LUX","dexiabqeintlaluxembourgsaluxembourglux", 4326, 6.1667, 49.75, "Dexia Bqe Intl A Luxembourg SA"
"CYM","caledonianbankltdcaymanislandscym", 4326, 80.5, 19.5, "Caledonian Bank Ltd"
"GEO","jsctbcbanktbilisigeorgiageo", 4326, 43.5, 42, "JSC TbcBank"
"OMN","bankmuscatsaogomanomn", 4326, 57, 21, "Bankmuscat"
"RUS","jscbnovikombankmoscowrussiarus", 4326, 100, 60, "Jscb Novikombank"
"RUS","zaounicreditbankmoscowrussiarus", 4326, 100, 60, "Zao UniCredit Bank"
"SGP","ucobanksingaporesingaporesgp", 4326, 103.8, 1.3667, "Uco Bank Singapore"
"IND","karurvysyabankltdintlchennaiindiaind", 4326, 77, 20, "Karur Vysya Bank Ltd Intl"
"TWN","huanancommercialbanktaipeitaiwantwn", 4326, 121, 23.5, "Hua Nan Commercial Bank"
"SAU","bankaljazirasaudiarabiasau", 4326, 45, 25, "Bank Al Jazira"
"MYS","unitedoverseasbankmalaysiabhdmalaysiamys", 4326, 112.5, 2.5, "United Overseas Bank Malaysia Bhd"
"ISR","israeldiscountbankltdisraelisr", 4326, 34.75, 31.5, "Israel Discount Bank Ltd"
"POL","bankpolskakasaopiekigrupapekaosapolandpol", 4326, 20, 52, "Bank Polska Kasa Opieki Grupa Pekao SA"
"RUS","nationalsettlementdepositorymoscowrussiarus", 4326, 100, 60, "National Settlement Depository"
"CHE","russiancommercialbankltdzurichswitzerlandche", 4326, 8, 47, "Russian Commercial Bank Ltd"
"RUS","raiffeisenbankzaorussiarus", 4326, 100, 60, "Raiffeisenbank Zao"
"UKR","ukrgasbankukraineukr", 4326, 32, 49, "Ukrgasbank"
"UKR","pivdenniybankukraineukr", 4326, 32, 49, "Pivdenniy Bank"
"CYP","bankofcypruspubliccompanylimitedcypruscyp", 4326, 33, 35, "Bank of Cyprus Public Company Limited"
"BEL","ingbelgiumsanvbrusselsbelgiumbel", 4326, 4, 50.8333, "ING Belgium Sa/Nv"
"GBR","efgprivatebankltdlondonenglandgbr", 4326, 2, 54, "EFG Private Bank Ltd"
"CHE","messrsbordierandciegenevaswitzerlandche", 4326, 8, 47, "Messrs.  Bordier And Cie"
"CZE","ceskoslovenskaobchodnibankaaspragueczechrepubliccze", 4326, 15.5, 49.75, "Ceskoslovenska Obchodni Banka A S"
"SGP","unitedoverseasbankltrdsingaporesgp", 4326, 103.8, 1.3667, "United Overseas Bank Ltrd"
"VNM","commonwealthbankofaustraliahochiminhcityvietnamvnm", 4326, 106, 16, "Commonwealth Bank of Australia"
"VNM","vietnamtechnologicalandcommljointstockbankhanoivietnamvnm", 4326, 106, 16, "Vietnam Technological And CommL Joint Stock Bank"
"TWN","shanghaicommercialandsavingsbankltdtaipeitaiwantwn", 4326, 121, 23.5, "Shanghai Commercial And Savings Bank Ltd"
"CYM","bancosantanderbrasilsagrandcaymanbranchgeorgetowngrandcaymancym", 4326, 80.5, 19.5, "Banco Santander"
"PAN","credicorpbankpanamapan", 4326, 80, 9, "Credicorp Bank"
"LBN","lebanonandgulfbanksalbeirutlebanonlbn", 4326, 35.8333, 33.8333, "Lebanon And Gulf Bank S.A.L."
"ISR","mizrahitefahotbankltdramatganisraelisr", 4326, 34.75, 31.5, "Mizrahi Tefahot Bank Ltd"
"URY","bancodelarepublicaorientaldeluruguaymontevideouruguayury", 4326, 56, 33, "Banco De La Republica Oriental Del Uruguay"
"URY","bancoitauuruguaysamontevideouruguayury", 4326, 56, 33, "Banco Itau Uruguay S.A."
"CYP","usbbankplcnicosiacypruscyp", 4326, 33, 35, "Usb Bank P.L.C."
"URY","bancosantandermontevideouruguayury", 4326, 56, 33, "Banco Santander Montevideo"
"FIN","skandinaviskaenskildabankenhelsinkifinlandfin", 4326, 26, 64, "Skandinaviska Enskilda Banken. Helsinki Finland"
"CHN","shanghaipudongdevelopmentbankshanghaichinachn", 4326, 105, 35, "Shanghai Pudong Development Bank"
"CHN","firstsinobankshanghaichinachn", 4326, 105, 35, "First Sino Bank"
"HKG","taiwancooperativebankhongkonghkg", 4326, 114.1667, 22.25, "Taiwan Cooperative Bank"
"MAC","banconacionalultramarinomacaumac", 4326, 113.55, 22.1667, "Banco Nacional Ultramarino"
"SWE","skandinaviskaenskildabankenswedenstockholmswedenswe", 4326, 15, 62, "Skandinaviska Enskilda Banken  Sweden"
"CHN","chinaconstructionbankzhejiangchinachn", 4326, 105, 35, "China Construction Bank"
"LTU","abbankassnoraslithuanialtu", 4326, 24, 56, "AB Bankas Snoras"
"EST","assampopankestoniaest", 4326, 26, 59, "AS Sampo Pank"
"UKR","commercialbankkhreschatykukraineukr", 4326, 32, 49, "Commercial Bank Khreschatyk"
"RUS","aounicreditbankrussianfederationrus", 4326, 100, 60, "AO UniCredit Bank"
"CYP","cypruspopularbankpubliccoltdcypruscyp", 4326, 33, 35, "Cyprus Popular Bank Public Co Ltd"
"CHE","banquedecommerceetdeplacementssagenevaswitzerlandche", 4326, 8, 47, "Banque De Commerce Et De Placements SA"
"GBR","theroyalbankofscotlandplclondonenglandgbr", 4326, 2, 54, "The Royal Bank of Scotland P.L.C"
"RUS","uralsibbankmoscowrussiarus", 4326, 100, 60, "Uralsib Bank"
"CYP","eurobankcyprusltdcypruscyp", 4326, 33, 35, "Eurobank Cyprus Ltd"
"CHE","bankmorganstanleyagzurichswitzerlandche", 4326, 8, 47, "Bank Morgan Stanley AG"
"ESP","bancosantandersamadridspainesp", 4326, 4, 40, "Banco Santander S.A."
"SWE","skandinaviskaenskildabankenswedenswe", 4326, 15, 62, "Skandinaviska Enskilda Banken"
"GBR","bankofnewyorkmellonlondonlondonukgbr", 4326, 2, 54, "Bank of New York Mellon London"
"TZA","eximbanktanzanialtdtza", 4326, 35, 6, "Exim Bank"
"GBR","santanderukplcunitedkingdomgbr", 4326, 2, 54, "Santander UK Plc"
"DEU","thelandesbankbadenwuerttembergmannheimgermanydeu", 4326, 9, 51, "The Landesbank BadenWuerttemberg"
"LBN","firstnationalbanksalbeirutlebanonlbn", 4326, 35.8333, 33.8333, "First National Bank Sal"
"LUX","creditsuisseluxembourgsaluxembourglux", 4326, 6.1667, 49.75, "Credit Suisse"
"LVA","aorietumubankajsclatvialva", 4326, 25, 57, "AO Rietumu Banka JSC"
"TWN","bangkokbankpubliccompanytaipeitaiwantwn", 4326, 121, 23.5, "Bangkok Bank Public Company"
"CHN","dbsbankchinaltdshanghaibrshanghaichinachn", 4326, 105, 35, "DBS Bank"
"RUS","jscbinternationalfinancialclubmoscowrussiarus", 4326, 100, 60, "Jscb International Financial Club"
"LVA","norvikbankajscrigalatvialva", 4326, 25, 57, "Norvik Banka JSC"
"ARE","nationalbankofrasalkaimahrasalkhaimaunitedarabemiratesare", 4326, 54, 24, "National Bank of Ras Al Kaimah"
"KOR","koreaexchangebankseoulsouthkoreakor", 4326, 127.5, 37, "Korea Exchange Bank"
"TKM","nationalbankofpakistanashgabatturkmenistantkm", 4326, 60, 40, "National Bank of Pakistan"
"ARE","emiratesnbdbankpjscdubaidubaiunitedarabemiratesare", 4326, 54, 24, "Emirates Nbd Bank PJSC Dubai"
"TUR","asyakatilimbankasiasistanbulturkeytur", 4326, 35, 39, "Asya Katilim Bankasi A S"
"MEX","bancodelbajiosamexicomex", 4326, 102, 23, "Banco Del Bajio S A"
"ZAF","standardcharteredbanksouthafricasouthafricazaf", 4326, 24, 29, "Standard Chartered Bank South Africa"
"HKG","standardcharteredbankhongkongltdhongkonghkg", 4326, 114.1667, 22.25, "Standard Chartered Bank Hong Kong Ltd"
"JPN","mizuhocorporatebanktokyojapanjpn", 4326, 138, 36, "Mizuho Corporate Bank"
"IDN","standardcharteredbankjakartaindonesiaidn", 4326, 120, 5, "Standard Chartered Bank"
"BGD","socialislamibanklimiteddhakabangladeshbgd", 4326, 90, 24, "Social Islami Bank Limited"
"UKR","sberbankofrussiakievukraineukr", 4326, 32, 49, "Sberbank of Russia"
"RUS","bankofmoscowmoscowrussiarus", 4326, 100, 60, "Bank of Moscow"
"UKR","creditdneprbankdnepropetrovskukraineukr", 4326, 32, 49, "Credit Dnepr Bank"
"HKG","ctbcbankcoltdhongkongbranchhongkonghkg", 4326, 114.1667, 22.25, "CTBC Bank Co Ltd Hong Kong Branch"
"IND","standardcharteredbankmumbaiindiaind", 4326, 77, 20, "Standard Chartered Bank"
"CHN","bankofeastasiachinalimitedchn", 4326, 105, 35, "Bank of East Asia"
"CHN","hangsengbankchinalimitedchn", 4326, 105, 35, "Hang Seng Bank"
"UKR","donghorbankjointstockcompanydonetskukraineukr", 4326, 32, 49, "Donghorbank JointStock Company"
"TUR","turkiyegarantibankasiasturkeytur", 4326, 35, 39, "Turkiye Garanti Bankasi A.S."
"EGY","housinganddevelopmentbankegyptegy", 4326, 30, 27, "Housing And Development Bank"
"RUS","vtbnorthwestrussiarus", 4326, 100, 60, "VTB NorthWest"
"PRT","caixacentraldecreditoagricolaportugalprt", 4326, 8, 39.5, "Caixa Central De Credito Agricola"
"DEU","wgzbankwestdeutschedusseldorfgermanydeu", 4326, 9, 51, "Wgz Bank Westdeutsche"
"DEU","dzbankagfranfurtgermanydeu", 4326, 9, 51, "Dz Bank AG"
"NLD","abnamrobanknvrotterdamnetherlandsnld", 4326, 5.75, 52.5, "ABN Amro Bank N.V."
"MDA","bancadeeconomiisachisinaumoldovamda", 4326, 29, 47, "Banca De Economii S.A."
"BGR","piraeusbankbulgariaadsofiabulgariabgr", 4326, 25, 43, "Piraeus Bank Bulgaria Ad"
"RUS","bankvtb24jscmoscowrussiarus", 4326, 100, 60, "Bank Vtb24 JSC"
"CYP","marfinpopularbankpubliccoltdcypruscyp", 4326, 33, 35, "Marfin Popular Bank Public Co Ltd"
"AUT","erstegroupbankagaustriaaut", 4326, 13.3333, 47.3333, "Erste Group Bank AG"
"GBR","royalbankofscotlandlondonukgbr", 4326, 2, 54, "Royal Bank of Scotland"
"SGP","royalbankofscotlandsingaporesgp", 4326, 103.8, 1.3667, "Royal Bank of Scotland"
"ROU","royalbankofscotlandromaniarou", 4326, 25, 46, "Royal Bank of Scotland"
"ARE","barclaysbankplcdubaiare", 4326, 54, 24, "Barclays Bank Plc"
"GBR","barclaysbankplchoukwealthunitedkingdomgbr", 4326, 2, 54, "Barclays Bank Plc Ho Uk Wealth"
"CYP","barclaysbankplcwealthnicosiacypruscyp", 4326, 33, 35, "Barclays Bank Plc Wealth"
"GBR","deutschebankaglondonukgbr", 4326, 2, 54, "Deutsche Bank Ag"
"NGA","keystonebanklimitednigerianga", 4326, 8, 10, "Keystone Bank Limited"
"MDA","bancadeeconomimoldovamda", 4326, 29, 47, "Banca De Economi"
"CYP","piraeusbankcyprusltdnicosiacypruscyp", 4326, 33, 35, "Piraeus Bank Cyprus Ltd"
"SGP","dbsbanksingaporesgp", 4326, 103.8, 1.3667, "DBS Bank"
"CHN","bankofchinaltdchinachn", 4326, 105, 35, "Bank of China Ltd"
"KOR","koreaexchangebanksouthkoreakor", 4326, 127.5, 37, "Korea Exchange Bank"
"KWT","bankofbahrainkuwaitkuwaitkwt", 4326, 47.6581, 29.3375, "Bank of Bahrain Kuwait"
"MYS","menaramaybankmalaysiamys", 4326, 112.5, 2.5, "Menara Maybank"
"RUS","gazprombankrussiarus", 4326, 100, 60, "Gazprombank"
"NLD","crediteuropebanknvamsterdamnetherlandsnld", 4326, 5.75, 52.5, "Credit Europe Bank N.V. "
"KAZ","vtbbankalmatykazakhstankaz", 4326, 68, 48, "VTB Bank"
"ARE","nationalbankofrasrasalkhaimahuaeare", 4326, 54, 24, "National Bank of Ras"
"CHE","banquedecommerceetdegenevaswitzerlandche", 4326, 8, 47, "Banque De Commerce Et De"
"KAZ","uzbalttransastanatooatbtabankalmatykazakhstankaz", 4326, 68, 48, "UzbalttransAstana Too At BTA Bank"
"KAZ","alliancebankalmatykazakhstankaz", 4326, 68, 48, "Alliance Bank"
"KAZ","sbsberbankjscalmatykazakhstankaz", 4326, 68, 48, "SB Sberbank JSC"
"DEU","commerzbankagfrankfurtammainfrankfurtgermanydeu", 4326, 9, 51, "Commerzbank A G"
"IND","hdfcbanklimitedmumbaiindiaind", 4326, 77, 20, "Hdfc Bank Limited"
"NGA","zenithbankplclagosnigerianga", 4326, 8, 10, "Zenith Bank Plc"
"VNM","bankforforeigntradeofvietnamhochiminhcityvietnamvnm", 4326, 106, 16, "Bank For Foreign Trade of Vietnam"
"CYP","cypruspopularbankpubliccoltdnicosiacypruscyp", 4326, 33, 35, "Cyprus Popular Bank Public Co Ltd"
"IND","ucobankmumbaiindiaind", 4326, 77, 20, "Uco Bank"
"RUS","transcapitalbankmoscowrussiarus", 4326, 100, 60, "Transcapitalbank"
"HUN","raiffeisenbankrtbudapesthungaryhun", 4326, 20, 47, "Raiffeisen Bank Rt"
"TUR","turkiyeisbankasiasturkeytur", 4326, 35, 39, "Turkiye Is Bankasi AS"
"EST","danskebankasestoniabranchestoniaest", 4326, 26, 59, "Danske Bank A/S Estonia Branch"
"ISR","israelpostalbankisraelisr", 4326, 34.75, 31.5, "Israel Postal Bank"
"KAZ","btabankalmatykazakhstankaz", 4326, 68, 48, "BTA Bank"
"FIN","skandinaviskaenskildabankenhelsinkifinlandfin", 4326, 26, 64, "Skandinaviska Enskilda Banken"
"ARE","commercialbankofdubaipscdubaiunitedarabemiratesare", 4326, 54, 24, "Commercial Bank of Dubai P.S.C. "
"HKG","winglungbankltdhongkonghkg", 4326, 114.1667, 22.25, "Wing Lung Bank Ltd"
"IDN","ptbankmandiriperseotbkjakartaindonesiaidn", 4326, 120, 5, "PT Bank Mandiri"
"IND","bankofbarodamumbaiindiaind", 4326, 77, 20, "Bank of Baroda"
"CZE","ceskoslovenskaobchodnibankaaspragueczechrepubliccze", 4326, 15.5, 49.75, "Ceskoslovenska Obchodni Banka A.S. "
"CHE","creditsuisseagzurichche", 4326, 8, 47, "Credit Suisse AG"
"RUS","bankvtbnorthwestjscstpetersburgrussiarus", 4326, 100, 60, "Bank VTB Northwest JSC"
"KAZ","bankcentercreditalmatykzkaz", 4326, 68, 48, "Bank Centercredit"
"KAZ","halyksavingsbankalmatykazakhstankaz", 4326, 68, 48, "Halyk Savings Bank"
"UKR","privatbankdnepropetrovskukraineukr", 4326, 32, 49, "PrivatBank"
"RUS","internationalbankofstpetersburgplcmoscowrussiarus", 4326, 100, 60, "International Bank of St.Petersburg Plc"
"HKG","hangsengbankhongkonghkg", 4326, 114.1667, 22.25, "Hang Seng Bank"
"CHN","bankofcommunicationscoshanghaichinachn", 4326, 105, 35, "Bank of Communications Co"
"BRA","bancobvasariodejaneirobrazilbra", 4326, 55, 10, "Banco Bva S A"
"HKG","indianoverseasbankhongkonghkg", 4326, 114.1667, 22.25, "Indian Overseas Bank"
"RUS","jointstockcommercialbanktranscapitalbankclosedjointstockcompanyrussiarus", 4326, 100, 60, "Joint Stock Commercial Bank Transcapitalbank Closed Joint Stock Company"
"ARE","firstgulfbankuaeare", 4326, 54, 24, "First Gulf Bank"
"IND","indianbankchennaichennaiindiaind", 4326, 77, 20, "Indian Bank Chennai"
"CHN","industrialcommercialbankofchinabeijingchinachn", 4326, 105, 35, "Industrial Commercial Bank of China"
"UKR","vtbbankkievukraineukr", 4326, 32, 49, "VTB Bank"
"DEU","landesbankbadenwuerttembergmannheimgermanydeu", 4326, 9, 51, "Landesbank BadenWuerttemberg"
"RUS","nomosbankmoscowrussiarus", 4326, 100, 60, "Nomos Bank"
"UKR","firstukranianintlbankdonetskukraineukr", 4326, 32, 49, "First Ukranian IntL Bank"
"UKR","pivdennybankodessaukraineukr", 4326, 32, 49, "Pivdenny Bank"
"ARE","rasalkhaimahrasalkhaimahuaeare", 4326, 54, 24, "Ras AlKhaimah"
"GBR","hsbcbankplclondonlondonenglandgbr", 4326, 2, 54, "HSBC Bank Plc London"
"JPN","sumitomomitsuibankingcorporationtokyojapanjpn", 4326, 138, 36, "Sumitomo Mitsui Banking Corporation"
"ARE","nationalbankofdubaidubaiunitedarabemiratesare", 4326, 54, 24, "National Bank of Dubai"
"RUS","sviazbankmoscowrussiarus", 4326, 100, 60, "SviazBank"
"HKG","bankofchinahongkongltdwestkowloonhongkonghkg", 4326, 114.1667, 22.25, "Bank of China"
"RUS","internationalmoscowbankrussiarus", 4326, 100, 60, "International Moscow Bank"
"CYP","marfinpopularbankpubliccoltdlimassolcypruscyp", 4326, 33, 35, "Marfin Popular Bank Public Co. Ltd"
"CAN","bankofmontrealmontrealcanadacan", 4326, 95, 60, "Bank of Montreal"
"EGY","albarakabankgizaegyptegy", 4326, 30, 27, "Albaraka Bank"
"AUT","vtbbankaustriaaut", 4326, 13.3333, 47.3333, "VTB Bank"
"BGR","piraeusbanksofiabulgariabgr", 4326, 25, 43, "Piraeus Bank"
"GBR","creditsuissesecuritieseuropelimitedlondonenglandgbr", 4326, 2, 54, "Credit Suisse Securities"
"DEU","mainzervolksbankegmainzgermanydeu", 4326, 9, 51, "Mainzer Volksbank E.G."
"UKR","swedbankkievukraineukr", 4326, 32, 49, "Swedbank"
"RUS","petersburgsettlementcenterstpetersburgrussiarus", 4326, 100, 60, "Petersburg Settlement Center"
"KAZ","kaspibankjscalmaatakazakhstankaz", 4326, 68, 48, "Kaspi Bank JSC"
"BEL","euroclearbankbrusselsbelgiumbel", 4326, 4, 50.8333, "Euroclear Bank"
"CHE","rosbankswitzerlandsagenevaswitzerlandche", 4326, 8, 47, "Rosbank Switzerland SA"
"CHE","gazprombankswitzerlandltdswitzerlandche", 4326, 8, 47, "Gazprombank Switzerland Ltd"
"KAZ","halyksavingsbankkazakhstanalmatykzkaz", 4326, 68, 48, "Halyk Savings Bank Kazakhstan"
"AUT","raiffeisenzentralbankoesterreichagviennaaustriaaut", 4326, 13.3333, 47.3333, "Raiffeisen Zentralbank Oesterreich AG"
"CHN","jiangsurugaoruralcommercialbankcoltdrugaojiangsuchinachn", 4326, 105, 35, "Jiangsu Rugao Rural Commercial Bank Co Ltd"
"LVA","sebbankarigalatvialva", 4326, 25, 57, "SEB Banka"
"GBR","morganstanleycointlplclondonenglandgbr", 4326, 2, 54, "Morgan Stanley & Co Intl Plc"
"TUR","arabturkishbankistanbulturkeytur", 4326, 35, 39, "Arab Turkish Bank"
"RUS","creditbankofmoscowojscmoscowrussiarus", 4326, 100, 60, "Credit Bank of Moscow OJSC"
"RUS","uralbankforreconstructionanddevelopmentjointstockcompanyekaterinburgrussiarus", 4326, 100, 60, "Ural Bank For Reconstruction And Development Joint Stock Company"
"RUS","transcreditbankmoscowrussiarus", 4326, 100, 60, "Transcreditbank"
"JAM","rbttbankjamaicalimitedkingstonjamaicajam", 4326, 77.5, 18.25, "RBTT Bank Jamaica Limited"
"NLD","abnamrobanknvheadofficeamsterdamnetherlandsnld", 4326, 5.75, 52.5, "ABN Amro Bank N.V."
"MDA","commercialbankmobiasbancagroupesocietegeneralesachisinaumoldovamda", 4326, 29, 47, "Commercial Bank MobiasbancaGroupe Societe Generale S.A."
"ARE","habibbankagzurichdeiradubaiuaeare", 4326, 54, 24, "Habib Bank A G Zurich"
"UKR","jsckredobanklvivukraineukr", 4326, 32, 49, "JSC Kredobank"
"RUS","peresvetbankmoscowrussiarus", 4326, 100, 60, "Peresvetbank"
"AUT","denizbankagviennaaustriaaut", 4326, 13.3333, 47.3333, "Denizbank AG"
"UKR","otpbkkievukraineukr", 4326, 32, 49, "Otp Bk"
"RUS","nomosbankopenjointstockcomoscowrussiarus", 4326, 100, 60, "Nomos Bank"
"KOR","industrialbankofkoreaseoulkoreakor", 4326, 127.5, 37, "Industrial Bank of Korea"
"UKR","kredobanklvivukraineukr", 4326, 32, 49, "Kredobank"
"GBR","lloydsbanklondonenglandgbr", 4326, 2, 54, "Lloyds Bank"
"KAZ","bankrbkjointstockcompanyalmatykazakhstankaz", 4326, 68, 48, "Bank Rbk Joint Stock Company"
"RUS","openjointstockcompanyotpbankmoscowrussiarus", 4326, 100, 60, "Open Joint Stock Company Otp Bank"
"PAN","multibankincpanamapan", 4326, 80, 9, "Multibank Inc"
"CHE","bankjuliusbaercoltdswitzerlandche", 4326, 8, 47, "Bank Julius Baer & Co Ltd"
"ESP","caixabankspainesp", 4326, 4, 40, "Caixabank"
"CHE","banquepriveeedmondderothschildsuissesaswitzerlandche", 4326, 8, 47, "Banque Privee Edmond De Rothschild"
"GBR","nationalwestminsterbankplclondonunitedkingdomgbr", 4326, 2, 54, "National Westminster Bank Plc"
"ESP","bancobilbaovizcayaargentariasabilbaospainesp", 4326, 4, 40, "Banco Bilbao Vizcaya Argentaria SA"
"CYP","hellenicbankltdnicosiacypruscyp", 4326, 33, 35, "Hellenic Bank Ltd"
"AUS","australiaandnewzealandbankinggrpltdvictoriaaustraliaaus", 4326, 133, 27, "Australia And New Zealand Banking Grp Ltd"
"CAN","hsbcbankcanadatorontocanadacan", 4326, 95, 60, "HSBC Bank Canada"
"RUS","aoraiffeisenbankmoscowrussiarus", 4326, 100, 60, "AO Raiffeisenbank"
"PER","scotiabankperulimaperuper", 4326, 76, 10, "Scotiabank Peru"
"HKG","dzbankhongkonghkg", 4326, 114.1667, 22.25, "Dz Bank"
"CYP","cypruspubliccompanyltdnicosiacypruscyp", 4326, 33, 35, "Cyprus Public Company Ltd"
"MDA","commercialbankbancasocialasachisinaumoldovamda", 4326, 29, 47, "Commercial Bank Banca Sociala SA"
"RUS","bankvozrozhdeniyemoscowrussiarus", 4326, 100, 60, "Bank Vozrozhdeniye"
"ARE","nationalbankofrasalkhaimahrasalkhaimahuaeare", 4326, 54, 24, "National Bank of Ras AlKhaimah"
"UKR","pjsccrediteuropebankkievukraineukr", 4326, 32, 49, "PJSC Credit Europe Bank"
"LVA","regionalainvesticijubankarigalatvialva", 4326, 25, 57, "Regionala Investiciju Banka"
"UKR","publicjointstockcompanyfidobankkyivukraineukr", 4326, 32, 49, "Public Joint Stock Company Fidobank"
"ISR","bankhapoalimtelavivisraelisr", 4326, 34.75, 31.5, "Bank Hapoalim"
"GBR","couttsandcompanylondonukgbr", 4326, 2, 54, "Coutts And Company"
"GBR","csukltdlondonukgbr", 4326, 2, 54, "Cs"
"GBR","deutschebankagunitedkingdomgbr", 4326, 2, 54, "Deutsche Bank AG"
"IDN","paninbankjakartaindonesiaidn", 4326, 120, 5, "Panin Bank"
"CHE","lombardodierdarierhentscheswitzerlandche", 4326, 8, 47, "Lombard Odier Darier Hentsche"
"CRI","bancobctsacostaricacri", 4326, 84, 10, "Banco Bct SA"
"IND","deutschebankagindiaind", 4326, 77, 20, "Deutsche Bank AG"
"CHE","unionbancairepriveeswitzerlandche", 4326, 8, 47, "Union Bancaire Privee"
"ISR","bankhapoalimbmisraelisr", 4326, 34.75, 31.5, "Bank Hapoalim B M"
"SGP","bankjuliusbaerandcoltdsingaporesgp", 4326, 103.8, 1.3667, "Bank Julius Baer And Co Ltd"
"ISR","unionbankofisraelltdisraelisr", 4326, 34.75, 31.5, "Union Bank of Israel Ltd"
"CHE","cbhcompagniebancairehelvetiquesaswitzerlandche", 4326, 8, 47, "Cbh Compagnie Bancaire Helvetique SA"
"RUS","savingsbankoftherussianfederationakasberbankrussiarus", 4326, 100, 60, "Savings Bank of The Russian Federation"
"SGP","bankofsingaporelimitedsingaporesgp", 4326, 103.8, 1.3667, "Bank of Singapore Limited"
"BEL","jpminternationalbankbelgiumbel", 4326, 4, 50.8333, "Jpm International Bank"
"TZA","internationalcommercialbanktanzanialtdtza", 4326, 35, 6, "International Commercial Bank"
"MDG","bnimadagascarmdg", 4326, 47, 20, "Bni"
"GHA","ecobankghanaltdghanagha", 4326, 2, 8, "Ecobank Ghana Ltd"
"CHN","chinamerchantsbankchinachn", 4326, 105, 35, "China Merchants Bank"
"LBN","bbacsallebanonlbn", 4326, 35.8333, 33.8333, "Bbac Sal"
"CHN","chinaconstructionbankchinachn", 4326, 105, 35, "China Construction Bank"
"CHN","pinganbankchinachn", 4326, 105, 35, "Ping An Bank"
"CHN","agriculturalbankofchinachinachn", 4326, 105, 35, "Agricultural Bank of China"
"CHE","lffinancesuissesagenevaswitzerlandche", 4326, 8, 47, "Lf Finance"
"NOR","dnbbankasanorwaynor", 4326, 10, 62, "DNB Bank Asa"
"DEU","berlinervolksbankeggermanydeu", 4326, 9, 51, "Berliner Volksbank E G"
"AUT","vorarlbergervolksbankgmbhaustriaaut", 4326, 13.3333, 47.3333, "Vorarlberger Volksbank Gmbh"
"MEX","cibancosamexicomex", 4326, 102, 23, "Ci Banco S.A."
"KAZ","btabankjscalmatykazakhstankaz", 4326, 68, 48, "BTA Bank JSC"
"LBN","firstnationalbanksalbeirutbeirutlebanonlbn", 4326, 35.8333, 33.8333, "First National Bank S.A.L. Beirut"
"HKG","dbsbankltdhongkonghkg", 4326, 114.1667, 22.25, "DBS Bank Ltd"
"UKR","sberbankpjsckievukraineukr", 4326, 32, 49, "Sberbank PJSC"
"UKR","vtbbankkyivukraineukr", 4326, 32, 49, "VTB Bank"
"BMU","bankofntbutterfieldandsonsltdhamiltonbermudabmu", 4326, 64.75, 32.3333, "Bank of N.T. Butterfield And Sons Ltd"
"BEL","bankofnewyorkmellonbrusselsbelgiumbel", 4326, 4, 50.8333, "Bank of New York Mellon"
"IND","creditbankltdmumbaiindiaind", 4326, 77, 20, "Credit Bank Ltd."
"NLD","abnamrobankamsterdamnetherlandsnld", 4326, 5.75, 52.5, "ABN Amro Bank"
"CYP","cyprusdevelopmentbankpubliccompanyltdcypruscyp", 4326, 33, 35, "Cyprus Development Bank Public Company Ltd"
"BRB","rbcroyalbankbarbadosltdbarbadosbrb", 4326, 59.5333, 13.1667, "Rbc Royal Bank"
"LIE","verwaltungsundprivatbankagliechtensteinlie", 4326, 9.5333, 47.1667, "Verwaltungs Und PrivatBank Ag"
"DEU","unicreditbankaggermanydeu", 4326, 9, 51, "UniCredit Bank Ag"
"CHE","ubsagswitzerlandche", 4326, 8, 47, "UBS AG"
"CYM","scotiabankandtrustcaymanltdcaymanislandscym", 4326, 80.5, 19.5, "Scotiabank And Trust Cayman Ltd"
"CAN","royalbankofcanadaciltdcanadacan", 4326, 95, 60, "Royal Bank of Canada Ci Ltd"
"IDN","ptbankcentralasiatbkindonesiaidn", 4326, 120, 5, "PT Bank Central Asia Tbk"
"NGA","firstcitymonumentbanknigerianga", 4326, 8, 10, "First City Monument Bank"
"CHN","agriculturalbankofchinalimitedchinachn", 4326, 105, 35, "Agricultural Bank of China Limited"
"LUX","kbleuropeanprivatebankerssaluxembourgluxembourglux", 4326, 6.1667, 49.75, "Kbl European Private Bankers SA"
"TWN","firstcommercialbanktaipeitaiwantwn", 4326, 121, 23.5, "First Commercial Bank"
"CHE","creditsuisseswitzerlandltdzurichswitzerlandche", 4326, 8, 47, "Credit Suisse Switzerland Ltd"
"CZE","ceskasporitelnaaspragueczechrepubliccze", 4326, 15.5, 49.75, "Ceska Sporitelna A S"
"CHE","bankcialswitzerlandche", 4326, 8, 47, "Bank Cial"
"ARE","nationalbankofrasalkhaimahpscrasalkhaimahuaeare", 4326, 54, 24, "National Bank of Ras AlKhaimah Psc"
"GBR","standardcharteredbanklondonlondonunitedkingdomgbr", 4326, 2, 54, "Standard Chartered Bank London"
"AFG","afghanistaninternationalbankkabulafghanistanafg", 4326, 65, 33, "Afghanistan International Bank"
"ARE","abudhabicommercialbankuaeare", 4326, 54, 24, "Abu Dhabi Commercial Bank"
"CHN","bankofcommunicationscoltdshanghaichinachn", 4326, 105, 35, "Bank of Communications Co. Ltd"
"SVN","gorenjskabankaddkranjsloveniasvn", 4326, 15, 46, "Gorenjska Banka D.D."
"RUS","bankforforeigntradeofrussiakhabarovskrussiarus", 4326, 100, 60, "Bank For Foreign Trade of Russia"
"AUS","australiaandnewzealandbankingsydneyaustraliaaus", 4326, 133, 27, "Australia And New Zealand Banking"
"UZB","nationalbankforforeigneconomicactivityoftherepofuzbekistantashkentuzbekistanuzb", 4326, 64, 41, "National Bank For Foreign Economic Activity of The Rep. of Uzbekistan"
"HKG","chonghingbankltdhongkonghkg", 4326, 114.1667, 22.25, "Chong Hing Bank Ltd"
"RUS","mdmbankmoscowrussiarus", 4326, 100, 60, "Mdm Bank"
"KOR","industrialbankofkoreaseoulsouthkoreakor", 4326, 127.5, 37, "Industrial Bank of Korea"
"RUS","aoraiffeisenbanktreasuryservicesmoscowrussiarus", 4326, 100, 60, "AO Raiffeisenbank Treasury Services"
"KAZ","nurbankalmaatakazakhstankaz", 4326, 68, 48, "Nurbank"
"KAZ","eurasiandevelopmentbankalmakazakhstankaz", 4326, 68, 48, "Eurasian Development Bank"
"DNK","amagerbankenaktieselskabcopenhagendenmarkdnk", 4326, 10, 56, "Amagerbanken Aktieselskab"
"RUS","jscvtbbankmoscowrussiarus", 4326, 100, 60, "JSC VTB Bank"
"CHN","bankofcommunicationschinachn", 4326, 105, 35, "Bank of Communications"
"AUS","westernunionbusinesssolutionssydneyaustraliaaus", 4326, 133, 27, "Western Union Business Solutions"
"POL","nordeabankpolskasagdyniapolandpol", 4326, 20, 52, "Nordea Bank Polska S.A."
"MOZ","bancocomercialedeinvestimentosmaputomozambiquemoz", 4326, 35, 18.25, "Banco Comercial E De Investimentos"
"CHN","bankofcommunicationsoffshorebankingunitshanghaichinachn", 4326, 105, 35, "Bank of Communications Offshore Banking Unit"
"MCO","andbancmonacosammontecarlomonacomco", 4326, 7.4, 43.7333, "Andbanc Monaco Sam"
"CHE","privatbankihagzuerichswitzerlandche", 4326, 8, 47, "PrivatBank Ihag Zuerich"
"CHE","creditagricolesuissesaswitzerlandche", 4326, 8, 47, "Credit Agricole Suisse SA"
"SGP","westernunionbusinesssolutionssingaporesgp", 4326, 103.8, 1.3667, "Western Union Business Solutions"
"SGP","unitedoverseasbankltdsingaporesgp", 4326, 103.8, 1.3667, "United Overseas Bank Ltd"
"PRT","montepiogeralcaixaeconomicalisbonportugalprt", 4326, 8, 39.5, "Montepio Geral  Caixa Economica"
"DEU","bhfbkaktiengesellschaftfranfurtgermanydeu", 4326, 9, 51, "BhfBk Aktiengesellschaft"
"UKR","sbsberbankofrussiacjsckievukraineukr", 4326, 32, 49, "SB Sberbank of Russia Cjsc"
"UKR","pjscbankvostokdnepropetrovskukraineukr", 4326, 32, 49, "PJSC Bank Vostok"
"RUS","dnbbankasamoscowrussiarus", 4326, 100, 60, "DNB Bank Asa"
"HKG","hangsengbankltdhongkonghkg", 4326, 114.1667, 22.25, "Hang Seng Bank Ltd"
"PHL","bdounibankincmakaticityphilippinesphl", 4326, 122, 13, "Bdo Unibank Inc"
"MYS","ocbcbankmalaysiaberhadkualalumpurmys", 4326, 112.5, 2.5, "Ocbc Bank"
"TUR","turkekonomibankasistanbulturkeytur", 4326, 35, 39, "Turk Ekonomi Bank A.S."
"SVN","bankakoperddkopersloveniasvn", 4326, 15, 46, "Banka Koper D.D. "
"IND","icicbankltdgujaratindiaind", 4326, 77, 20, "Icic Bank Ltd"
"IND","axisbankltdindiaind", 4326, 77, 20, "Axis Bank Ltd"
"MDA","energbankchisinaumoldovamda", 4326, 29, 47, "Energbank"
"SGP","kbcbanknvsingaporesgp", 4326, 103.8, 1.3667, "Kbc Bank N.V."
"SGP","dnbnorbankasasingaporesgp", 4326, 103.8, 1.3667, "DNB Nor Bank Asa"
"EGY","commercialinternationalbankegyptsaeportsaidegyptegy", 4326, 30, 27, "Commercial International Bank"
"GBR","bancopopolarelondonenglandgbr", 4326, 2, 54, "Banco Popolare"
"ARE","ajmanbankpjscajmanuaeare", 4326, 54, 24, "Ajman Bank PJSC"
"QAT","ahlibankqscdohaqatarqat", 4326, 51.25, 25.5, "Ahli Bank Q.S.C"
"POL","raiffeisenbankpolskasawarsawpolandpol", 4326, 20, 52, "Raiffeisen Bank Polska SA"
"TUR","denizbankistanbulturkeytur", 4326, 35, 39, "Denizbank"
"SWE","nordeabankabstockholmswedenswe", 4326, 15, 62, "Nordea Bank AB"
"CAN","bankofmontrealtorontocanadacan", 4326, 95, 60, "Bank of Montreal"
"LVA","smpbanklatvialva", 4326, 25, 57, "Smp Bank"
"AUS","nationalaustraliabanklimitedmelbourneaustraliaaus", 4326, 133, 27, "National Australia Bank Limited"
"THA","bangkokbankltdbangkokthailandtha", 4326, 100, 15, "Bangkok Bank Ltd"
"MYS","unitedoverseasbankkualalumpurmalaysiamys", 4326, 112.5, 2.5, "United Overseas Bank Kuala Lumpur"
"ARE","thomascookalrostamaniexchangecompanydubaiuaeare", 4326, 54, 24, "Thomas Cook Al Rostamani Exchange Company"
"HUN","kereskedelmieshitelbankrtbudapesthungaryhun", 4326, 20, 47, "Kereskedelmi Es Hitelbank Rt"
"IND","karnatakabanklimitedmumbaiindiaind", 4326, 77, 20, "Karnataka Bank Limited"
"AUS","suncorpmetwayltdbrisbaneaustraliaaus", 4326, 133, 27, "Suncorp Metway Ltd"
"CHN","bankofchinashenzhenchinachn", 4326, 105, 35, "Bank of China"
"CHE","societegeneraleprivatebankingsuisseche", 4326, 8, 47, "Societe Generale Private Banking"
"GBR","creditsuisseukltdlondonukgbr", 4326, 2, 54, "Credit Suisse"
"ARE","arabbankforinvestmentforeigntradeabudhabiunitedarabemiratesare", 4326, 54, 24, "Arab Bank For Investment & Foreign Trade"
"RUS","bankvtbstpetersburgrussiarus", 4326, 100, 60, "Bank VTB"
"CHE","creditsuissenassaubrprivatebkgzurichswitzerlandche", 4326, 8, 47, "Credit Suisse Nassau Br Private Bkg"
"UKR","prominvestbankkievukraineukr", 4326, 32, 49, "Prominvestbank"
"BGR","piraeusbankbulgariabgr", 4326, 25, 43, "Piraeus Bank"
"BEL","euroclearbanksabelgiumbel", 4326, 4, 50.8333, "Euroclear Bank SA"
"ARE","emiratesbankinternationallimiteddubaiunitedarabemiratesare", 4326, 54, 24, "Emirates Bank International Limited"
"TUR","akbanktasistanbulturkeytur", 4326, 35, 39, "Akbank T.A.S. "
"RUS","vtbjscbankopenjointstockbankmoscowrussiarus", 4326, 100, 60, "VTB JSC Bank"
"AUT","raiffeisenlandesbanklinzaustriaaut", 4326, 13.3333, 47.3333, "Raiffeisenlandesbank"
"RUS","bankvtbnorthweststpetersburgrussiarus", 4326, 100, 60, "Bank VTB NorthWest"
"IND","axisbanklimitedmeerutindiaind", 4326, 77, 20, "Axis Bank Limited"
"AUS","ozforexlimitedsydneyaustraliaaus", 4326, 133, 27, "Ozforex Limited"
"IND","vijayabanknewdelhiindiaind", 4326, 77, 20, "Vijaya Bank"
"IND","unitedbankofindiakanpurindiaind", 4326, 77, 20, "United Bank of India"
"IND","canarabankmumbaiindiaind", 4326, 77, 20, "Canara Bank"
"HKG","creditsuisseaghongkonghkg", 4326, 114.1667, 22.25, "Credit Suisse AG"
"PHL","rizalcommercialbankingcorpmanilaphilippinesphl", 4326, 122, 13, "Rizal Commercial Banking Corp"
"HKG","banksinopaccompanylimitedhongkonghkg", 4326, 114.1667, 22.25, "Bank Sinopac Company Limited"
"CHN","bankofnanjingnanjingchinachn", 4326, 105, 35, "Bank of Nanjing"
"MAC","industrialandcommercialbankofchinamacaulimitedmacaumac", 4326, 113.55, 22.1667, "Industrial And Commercial Bank of China"
"TWN","kgibanktaipeitaiwantwn", 4326, 121, 23.5, "KGI Bank"
"CHE","banquedecommerceetdeplacementssagenevaswitzerlandche", 4326, 8, 47, "Banque De Commerce Et De Placements S A(Geneva Switzerland)"
"KOR","wooribanksouthkoreakor", 4326, 127.5, 37, "Woori Bank"
"IDN","ptbankcommonwealthjakartaindonesiaidn", 4326, 120, 5, "PT Bank Commonwealth"
"THA","krungthaibankpubliccompanyltdbangkokthailandtha", 4326, 100, 15, "Krung Thai Bank Public Company Ltd"
"ARE","thenationalbankofrasrasalkhaimahuaeare", 4326, 54, 24, "The National Bank of Ras"
"RUS","crediteuropebankltdmoscowrussiarus", 4326, 100, 60, "Credit Europe Bank Ltd."
"VNM","vietnamexportimportbankhochiminhcityvietnamvnm", 4326, 106, 16, "Vietnam Export Import Bank"
"VNM","saigonthuongtincommercialhochiminhcityvietnamvnm", 4326, 106, 16, "Saigon Thuong Tin Commercial"
"EST","eestikrediidipanktallinnestoniaest", 4326, 26, 59, "Eesti Krediidipank"
"GBR","bankofscotlandplclondonenglandgbr", 4326, 2, 54, "Bank of Scotland Plc"
"TUR","ingbankasistanbulturkeytur", 4326, 35, 39, "ING Bank A.S."
"THA","kasikornbankpubliccoltdbangkokthailandtha", 4326, 100, 15, "Kasikornbank Public Co Ltd"
"CHN","winghangbankchinalimitedshenzhenchinachn", 4326, 105, 35, "Wing Hang Bank"
"KAZ","nurbankjscalmatyrepofkazakhstankaz", 4326, 68, 48, "Nurbank JSC"
"CHE","habibbankagzurichzurichswitzerlandche", 4326, 8, 47, "Habib Bank A G Zurich"
"MDA","eximbankchisinaumoldovamda", 4326, 29, 47, "Eximbank"
"DNK","asjyskebankcopenhagendenmarkdnk", 4326, 10, 56, "AS Jyske Bank"
"IDN","ptbankocbcnisptbkjakartaindonesiaidn", 4326, 120, 5, "PT Bank Ocbc Nisp Tbk"
"PAN","bancouniversalsadavidpanamapan", 4326, 80, 9, "Banco Universal S.A."
"KOR","hanabankseoulkoreakor", 4326, 127.5, 37, "Hana Bank"
"RUS","internationalbankofstpetersburgibspstpetersburgrussiarus", 4326, 100, 60, "International Bank of St Petersburg Ibsp"
"CHE","efgbankagzurichswitzerlandche", 4326, 8, 47, "EFG Bank AG"
"HKG","shanghaicommercialbankltdhongkonghkg", 4326, 114.1667, 22.25, "Shanghai Commercial Bank Ltd."
"BEL","commerzbankagbrusselsbelgiumbel", 4326, 4, 50.8333, "Commerzbank AG"
"HKG","taishininternationalbankkowloonhongkonghkg", 4326, 114.1667, 22.25, "Taishin International Bank"
"HKG","esuncommercialbankltdwanchaihongkonghkg", 4326, 114.1667, 22.25, "E. Sun Commercial Bank Ltd"
"LUX","ubibancainternationalsaluxembourglux", 4326, 6.1667, 49.75, "Ubi Banca International SA"
"CHE","couttsbankvonernstltdswitzerlandche", 4326, 8, 47, "Coutts Bank Von Ernst Ltd"
"ARE","emiratesbankinternationallimitedunitedarabemiratesare", 4326, 54, 24, "Emirates Bank International Limited"
"RUS","rosbankrussiarus", 4326, 100, 60, "Rosbank"
"AUT","raiffeisenzentralbankaustriaaut", 4326, 13.3333, 47.3333, "Raiffeisen Zentralbank"
"EST","assampopanktallinnest", 4326, 26, 59, "AS Sampo Pank"
"LVA","aizraulklesbankalatvialva", 4326, 25, 57, "Aizraulkles Banka"
"DNK","danskebankasdenmarkdnk", 4326, 10, 56, "Danske Bank A/S"
"CYP","cypruspopularbankltdcypruscyp", 4326, 33, 35, "Cyprus Popular Bank Ltd"
"TUR","kuveytturkkatilimbankasiasturkeytur", 4326, 35, 39, "Kuveyt Turk Katilim Bankasi AS"
"TUR","turkiyefinanskatilimbankasiasturkeytur", 4326, 35, 39, "Turkiye Finans Katilim Bankasi AS"
"MDA","victoriabankchisinaumoldovamda", 4326, 29, 47, "Victoriabank"
"IND","bankofmaharashtramumbaiindiaind", 4326, 77, 20, "Bank of Maharashtra"
"RUS","russianstandardbankmoscowrussiarus", 4326, 100, 60, "Russian Standard Bank"
"RUS","vozrozhdeniemoscowrussianfederationrus", 4326, 100, 60, "Vozrozhdenie"
"CHE","banquedecommerceetdeplacementssagenevache", 4326, 8, 47, "Banque De Commerce Et De Placements S A"
"ARE","emiratesnbdbankpjscdubaiuaeare", 4326, 54, 24, "Emirates Nbd Bank Pjsc"
"CHN","pinganbankcoltdeastshenzhenchinachn", 4326, 105, 35, "Ping An Bank Co Ltd"
"CUW","southamericaninternationalbankofcuracaowillemstadcuracaocuw", 4326, 68.974, 12.184775, "South American International Bank of Curacao"
"GBR","barclaysbankplcukknightsbridgegbr", 4326, 2, 54, "Barclays Bank Plc"
"THA","bangkokbankpubliccompanylimitedbangkokthailandtha", 4326, 100, 15, "Bangkok Bank Public Company Limited"
"RUS","moscowindustrialbankmoscowrussiarus", 4326, 100, 60, "Moscow Industrial Bank"
"GHA","stanbicbankghanaltdghanagha", 4326, 2, 8, "Stanbic Bank Ghana Ltd"
"CHE","banquedecommerceetdeplacementsgenevaswitzerlandche", 4326, 8, 47, "Banque De Commerce Et De Placements"
"LUX","skandinaviskaenskildabankenluxembourglux", 4326, 6.1667, 49.75, "Skandinaviska Enskilda Banken"
"HUN","otpbankplcbudapesthungaryhun", 4326, 20, 47, "Otp Bank Plc"
"MCO","andbancmonacomontecarlomonacomco", 4326, 7.4, 43.7333, "Andbanc Monaco"
"GGY","kleinwortbensonstpeterportguernseyggy", 4326, 2.56, 49.5, "Kleinwort Benson"
"RUS","deutschebankooorussiarus", 4326, 100, 60, "Deutsche Bank Ooo"
"HKG","dbsbankhongkongltdhongkonghkg", 4326, 114.1667, 22.25, "DBS Bank"
"PHL","unitedcoconutplantersbankmanilaphilippinesphl", 4326, 122, 13, "United Coconut Planters Bank"
"ARE","noorislamicbankdubaiunitedarabemiratesare", 4326, 54, 24, "Noor Islamic Bank"
"KAZ","halyksavingsbankofkazakstanalmatykazakhstankaz", 4326, 68, 48, "Halyk Savings Bank of Kazakstan"
"RUS","bandnbankmoscowrussiarus", 4326, 100, 60, "B And N Bank"
"KHM","firstcommercialbankphnompenhbrphnompenhcambodiakhm", 4326, 105, 13, "First Commercial Bank Phnom Penh Br"
"PHL","metropolitanbankandtrustcomanilaphilippinesphl", 4326, 122, 13, "Metropolitan Bank And Trust Co"
"CHN","bankofchinabeijingchinachn", 4326, 105, 35, "Bank of China"
"MCO","creditsuissemonacomontecarlomonacomco", 4326, 7.4, 43.7333, "Credit Suisse"
"VNM","jointstockcommercialbankforforeigntradeofvietnamhanoivietnamvnm", 4326, 106, 16, "Joint Stock Commercial Bank For Foreign Trade of Vietnam"
"RUS","bankforforeigntradeofrussiamoscowrurus", 4326, 100, 60, "Bank For Foreign Trade of Russia"
"NLD","abnamrobanknvamsterdamnld", 4326, 5.75, 52.5, "ABN Amro Bank N.V."
"RUS","sberbankmoscowrurus", 4326, 100, 60, "Sberbank"
"AUT","capitalbankgrawegruppeaggrazaustriaaut", 4326, 13.3333, 47.3333, "Capital Bank Grawe Gruppe Ag"
"UKR","ingbankukrainekievukraineukr", 4326, 32, 49, "ING Bank Ukraine"
"DEU","landesbankbadenwuerttembergstuttgartgermanydeu", 4326, 9, 51, "Landesbank BadenWuerttemberg"
"RUS","savingsbankofrussianfederationmoscowrussiarus", 4326, 100, 60, "Savings Bank of Russian Federation"
"RUS","mdmbankopenjointstockcompanymoscowrussiarus", 4326, 100, 60, "Mdm Bank"
"KAZ","eurasiandevelopmentbankalmatykazakhstankaz", 4326, 68, 48, "Eurasian Development Bank"
"EST","sebbankestoniatallinnestoniaest", 4326, 26, 59, "SEB Bank Estonia"
"MDA","moldovaagroindbanksachisinaumoldovamda", 4326, 29, 47, "Moldova Agroindbank S.A. "
"IND","bankofmaharashtranakikindiaind", 4326, 77, 20, "Bank of Maharashtra"
"GBR","creditsuissesecuritieslondonenglandgbr", 4326, 2, 54, "Credit Suisse Securities"
"CYP","bankofcyprusplcexcyprusnicosiacypruscyp", 4326, 33, 35, "Bank of Cyprus Plc Ex Cyprus"
"UKR","firstukrainianintlbankdonetskukraineukr", 4326, 32, 49, "First Ukrainian IntL Bank"
"RUS","bankvtb24russiarus", 4326, 100, 60, "Bank VTB 24"
"CHE","creditsuisseswitzerlandltdswitzerlandche", 4326, 8, 47, "Credit Suisse Switzerland Ltd"
"HKG","bankofeastasiahongkonghkg", 4326, 114.1667, 22.25, "Bank of East Asia"
"RUS","jointstockcompanyalfabankmoscowrussiarus", 4326, 100, 60, "Joint Stock Company AlfaBank"
"AUS","macquariebankltdsydneyaustraliaaus", 4326, 133, 27, "Macquarie Bank Ltd"
"ESP","bancoatlanticospainesp", 4326, 4, 40, "Banco Atlantico"
"LVA","rietumubankalatvialva", 4326, 25, 57, "Rietumu Banka"
"LVA","norvikbankalatvialva", 4326, 25, 57, "Norvik Banka"
"CHE","bankjuliusbaerswitzerlandche", 4326, 8, 47, "Bank Julius Baer"
"CYP","russiancommercialbankcypruscypruscyp", 4326, 33, 35, "Russian Commercial Bank Cyprus"
"CYP","bankofcypruspubliccypruscyp", 4326, 33, 35, "Bank of Cyprus Public"
"CYP","hellenicbankcypruscyp", 4326, 33, 35, "Hellenic Bank"
"LVA","parexcitadelebankalatvialva", 4326, 25, 57, "Parex/Citadele Banka"
"CHE","creditsuisseswitzerlandche", 4326, 8, 47, "Credit Suisse"
"LVA","parexbankcitadelebankalatvialva", 4326, 25, 57, "Parex Bank/Citadele Banka"
"RUS","bankzenitrussiarus", 4326, 100, 60, "Bank Zenit"
"JOR","jordankuwaitbankammanjordanjor", 4326, 36, 31, "Jordan Kuwait Bank"
"JAM","rbttbankjamaicaltdkingstonjamaicajam", 4326, 77.5, 18.25, "RBTT Bank Jamaica Ltd"
"AUS","bankofwesternaustralialtdperthaustraliaaus", 4326, 133, 27, "Bank of Western Australia Ltd"
"UKR","closedjointstockcompanyotpbkkievukraineukr", 4326, 32, 49, "Closed JointStock Company Otp Bk"
"CYP","bankofcypruspclcypruscyp", 4326, 33, 35, "Bank of Cyprus Pcl"
"LBN","bankofbeirutsalbeirutlebanonlbn", 4326, 35.8333, 33.8333, "Bank of Beirut S.A.L."
"JPN","thehokkaidobankltdtokyojapanjpn", 4326, 138, 36, "The Hokkaido Bank Ltd."
"NLD","abnamroclearingbanknvamsterdamnetherlandsnld", 4326, 5.75, 52.5, "ABN Amro Clearing Bank N.V."
"EGY","albarakabankegyptgizaegyptegy", 4326, 30, 27, "Albaraka Bank Egypt"
"PHL","bancodeorounibankincphilippinesphl", 4326, 122, 13, "Banco De Oro Unibank Inc."
"GBR","lloydstsbbankplcunitedkingdomgbr", 4326, 2, 54, "Lloyds TSB Bank Plc"
"BMU","bankofntbutterfieldhamiltonbermudabmu", 4326, 64.75, 32.3333, "Bank of N.T. Butterfield"
"LUX","skandinaviskaenskildabankensaluxembourglux", 4326, 6.1667, 49.75, "Skandinaviska Enskilda Banken S.A."
"HRV","raiffeisenbankaustriaddzagrebzagrebcroatiahrv", 4326, 15.5, 45.1667, "Raiffeisenbank Austria D.D.  Zagreb"
"IDN","ptbankcimbniagatbkjakartaindonesiaidn", 4326, 120, 5, "PT Bank CIMB Niaga Tbk"
"ITA","bancapopolaredimilanoscarlmilanoitalyita", 4326, 12.8333, 42.8333, "Banca Popolare Di Milano S.C.A.R.L."
"DJI","bqepourlecommetiindmerrougedjiboutidji", 4326, 43, 11.5, "Bqe Pour Le Comm Et IIndMer Rouge"
"MUS","standardbankmauritiuslimitedmauritiusmus", 4326, 57.55, 20.2833, "Standard Bank"
"UKR","nadrabankukraineukr", 4326, 32, 49, "Nadra Bank"
"UKR","prominvestbankukraineukr", 4326, 32, 49, "Prominvest Bank"
"GBR","lloydstsbbankplcenglandgbr", 4326, 2, 54, "Lloyds TSB Bank Plc"
"RUS","ojscpromsvyazbankrussiarus", 4326, 100, 60, "Ojsc Promsvyazbank"
"URY","banqueheritageuruguaysauruguayury", 4326, 56, 33, "Banque Heritage Uruguay SA"
"FRA","bnpparibasparisparisfrancefra", 4326, 2, 46, "Bnp Paribas Paris"
"CHE","zuercherkantonalbankswitzerlandche", 4326, 8, 47, "Zuercher Kantonalbank"
"MDA","bancadeeconomiiamoldoveichisinaumoldovamda", 4326, 29, 47, "Banca De Economii A Moldovei"
"BEL","ingbelgiumsabelgiumbel", 4326, 4, 50.8333, "ING Belgium SA"
"LVA","balticinternationalbanklatvialva", 4326, 25, 57, "Baltic International Bank"
"TUR","tcziraatbankasiasturkeytur", 4326, 35, 39, "T C Ziraat Bankasi AS"
"DEU","landesbankbadenwuerttemberggermanydeu", 4326, 9, 51, "Landesbank BadenWuerttemberg"
"IND","kotakmahindrabanklimitedmumbaiindiaind", 4326, 77, 20, "Kotak Mahindra Bank Limited"
"CHE","falconprivatebankltdswitzerlandche", 4326, 8, 47, "Falcon Private Bank Ltd"
"LVA","ablvbankasrigalatvialatvialva", 4326, 25, 57, "ABLV Bank AS Riga Latvia"
"LVA","asprivatbanklatvialva", 4326, 25, 57, "AS PrivatBank"
"LVA","asexpobanklatvialva", 4326, 25, 57, "AS Expobank"
"NLD","ingbanknetherlandnvnetherlandsnld", 4326, 5.75, 52.5, "ING Bank Netherland N V"